organizer_name,website,phone,email
Wine Industry Expo,http://www.wineindustryexpo.com/,+1 (707) 433-2557 0100,info@wineindustryexpo.com
IAEE Global Headquarters,http://www.iaee.com/,+1 (972) 458-8002,info@ieae.com
Generis Group,http://www.generisgp.com/,+1 (416) 298 7005,info@generisgp.com
Messe Frankfurt Argentina,http://www.argentina.messefrankfurt.com/,+54 11 4514 1400,info@argentina.messefrankfurt.com
Performance Racing Industry,http://www.performanceracing.com/,+1 (949) 499-5413,mail@performanceracing.com
Great Southern Gun & Knife Shows LLC,http://www.greatsoutherngunshow.com/,+1 (865) 671-4757,info@greatsoutherngunshow.com
MCH Foire Suisse (Holding) SA,http://www.messe.ch/,+41 58 200 20 20,info@messe.ch
The Show Producers,http://www.theshowproducers.com/,+1 (212) 404-2345,clientservices@theshowproducers.com
USCM (United States Conference of Mayors),http://www.usmayors.org/,+1 (202) 293-7330,info@usmayors.org
"Shamrock Productions, Inc",http://www.shamrockprod.com/,+1 (952) 431-9630,
Professional Beauty Association,http://www.probeauty.org/,+1 (480) 281-0424,info@probeauty.org
Bologna Fiere,http://www.bolognafiere.it/en/home,+39 (0)5 12 82 111,bolognafiere@bolognafiere.it
DreamHack Inc.,http://company.dreamhack.com/,,sales@dreamhack.com
Eastman Gun Shows Inc.,http://www.eastmangunshows.com/,+1 (229) 425-9881,gunshow@windstream.net
"L&L Exhibition Management, Inc.",http://www.homeshowcenter.com/,+1 (952) 881-5030,info@homeshowcenter.com
NMMA (National Marine Manufacturers Association),http://www.nmma.org/,+1 (312) 946-6220,webmaster@nmma.org
SCMA (Southern California Marine Association),http://www.scma.com/,+1 (714) 633-7581,terry@scma.com
FUN (Florida United Numismatists Inc.),http://www.funtopics.com/,+1 (407) 321-8747,cwibker@aol.com
"EBD Group, Inc.",http://www.ebdgroup.com/,+1 (760) 930 0500,contact@ebdgroup.com
GS Media & Events,http://www.gsevents.com/,+1 (941) 780-0538,vilma.fraguada@goodsam.com
O'Loughlin Trade Shows,http://www.otshows.com/,+1 (503) 246-8291,info@otshows.com
Surf Expo,http://www.surfexpo.com/,+1 (678) 781-7900,rturner@surfexpo.com
AIAA (American Institute of Aeronautics and Astronautics),http://www.aiaa.org/,+1 (703) 264-7510,chriss@aiaa.org
"Southeast Productions, Inc.",http://www.ncboatshows.com/,+1 (336) 855-0208,info@ncboatshows.com
Advertising Specialty Institute (ASI),http://www.asicentral.com/,+1 (800) 546 1350,ideas@asicentral.com
Mack Brooks Group,http://www.mackbrooks.com/,+44 (0)1727 814400,info@mackbrooks.co.uk
Mack Brooks Exhibitions Inc.,http://www.mackbrooks.com/,+1 (781) 791 5011,visit@ice-x-usa.com
"JBM & Associates, LLC",http://www.jbmshows.com/,+1 (864)-250-9713,
US Antique Shows,http://www.usantiqueshows.com/,+1 (239) 732-6642,daphne.moss@usantiqueshows.com
Home Show Consultants,http://www.homeshowconsultants.com/,+1 (951) 681-0644,showofficehsc@gmail.com
Consumer Technology Association,http://www.cta.tech/,+1 (866) 858-1555,cta@cta.tech
Professional Show Management,http://www.professionalshowmanagement.com/,+1 (954) 946-6164,info@proshow-inc.com
Continuum Productions,http://www.continuumevents.ca/,+1 (905) 336-1331 Ext. 203,hsweet@continuumevents.ca
WANADA (Washington Area New Automobile Dealers Association),http://www.wanada.org/,+1 (202) 237 7200,info@wanada.org
CBSI (Canadian Boat Shows Inc.),http://www.canadianboatshows.com/,,
Salon de l'agriculture,http://www.salondelagriculture.com/,+1 (450) 771-1226,infosalon@goxpo.ca
CT Marine Trades Assoc.,http://www.ctmarinetrades.org/,+1 (860) 767-2645,
NRF - National Retail Federation,http://www.nrf.com/,+1 (202) 783-7971,webmaster@nrf.com
dmg :: events,http://www.dmgevents.com/,+971 4 438 0355,info@dmgevents.com
dmg :: events energy,http://dmgenergyevents.co.uk/,+1 (403) 209-3552,info@dmgevents.com
A3 (Association for Advancing Automation),http://www.a3automate.org/,+1 (734) 994 6088,info@a3automate.org
"Interior Design Show, MMPI",http://www.interiordesignshow.com/,+1 (416) 599-3222,info@interiordesignshow.com
Show Management,http://www.showmanagement.com/,+1 (954) 764-7642,
"Internacionales de la Moda, S.A. de C.V.",http://www.intermoda.com.mx/en,+52 33 3122 4499,info@intermoda.com.mx
"Renfro Productions & Management, Inc.",http://www.renfroproductions.com/,+1 (765) 641-7712,nfo@renfroproductions.com
Première Vision S.A.,http://www.premierevision.com/,+33 (0)4 7260 6555,hello@premierevision.com
South Dakota Agri-Business Association,http://www.sdaba.org/,+1 (605) 224-2445,info@sdaba.org
GF Events Ltd.,http://gfevents.ca/,,
CCAM (Corporation des Concessionnaires d'Automobiles de Montréal),http://www.ccam.qc.ca/,+1 (514) 331-6571,info@ccam.qc.ca
"NPTA Alliance (Association for the paper, packaging, and supplies distribution channel)",http://www.gonpta.com/,+1 (631) 777 2223,larry@gonpta.com
AF&PA (American Forest & Paper Association),http://www.afandpa.org/,+1 (202) 463-2700,info@afandpa.org
Minnesota Home Shows,http://minnesotahomeshows.com/,+1 (952) 232-1765,contact@minnesotahomeshows.com
Jacksonville Marine Association,http://www.boatjax.com/,+1 (904) 694-2073,jma@boatjax.com
Halloween Costume Association,http://www.halloweencostumeassociation.org/,+1 (856) 380-6847,info@halloweencostumeassociation.org
"William T. Glasgow, Inc.",http://wtglasgow.com/,+1 (708) 226 1300,brian@wtglasgow.com
ASEV (American Society for Enology and Viticulture),http://www.asev.org/,+1 (530) 753-3142,
CAWG (California Association of Winegrape Growers),http://www.cawg.org/,+1 (916) 379-8995,info@cawg.org
HATA (Harrisburg Automotive Trade Association),http://www.hatacars.org/,+1 (717) 910-4090,JDevlin@paa.org
Cleantech Venture Network,http://www.cleantech.com/,+1 (517) 223-9607,Karen@cleantech.com
Inexmoda,http://www.inexmoda.org.co/,+57 4 311 59 15,contactcenter@inexmoda.org.co
NAMM (National Association of Music Merchants),http://www.namm.com/,+1 (760) 438-8001,info@namm.com
SFA (Speciality Food Association),http://www.specialtyfood.com/,+1 (212) 482-6440,
"AVN Media Network, Inc.",http://www.avnmedianetwork.com/,+1 (818) 718.5788,aeeinfo@avn.com
PGA Golf Exhibitions,http://www.pgaexpo.com/,+1 (203) 840 5628,inquiry@pga.reedexpo.com
Zunzun Education Services Ltd,http://www.cubapros.org/,+1 (604) 565 5647,hello@cubaexplorer.com
Couromoda Feiras Comerciais,http://www.couromoda.com/,+55 (11) 3897 6100,couromoda@couromoda.com.br
"EnerCom, Inc",http://www.enercominc.com/,+1 (303) 296 8834,conferences@enercominc.com
Milanez & Milaneze,http://www.milanezmilaneze.com.br/,+55 27 3337-6855,geraldo@vitoriastonefair.com.br
Palm Beach Show Group,http://www.palmbeachshow.com/,+1 (561) 822-5440,info@palmbeachshowgroup.com
PPPC (Pulp and Paper Products Council),http://www.pppc.org/,+1 (514) 861-8823,events@pppc.org
"Southern Shows, Inc.",http://www.southernshows.com/,+1 (704) 376-6594,dzimmerman@southernshows.com
ABIMAD (Brazilian Contemporary Home Furnishings Association),http://www.abimad.com.br/,+55 (11) 5505-1214,abimad@abimad.com.br
NewCom Media Inc.,http://newcom.ca/,+1 (416) 614-2200,tiffany@newcom.ca
Greenband Enterprises,http://www.greenband.com/,+1 (801) 485-7399,showinfo@greenband.com
CGTA (Canadian Gift & Tableware Association),http://www.cangift.org/en,+1 (416) 679-0170,info@cangift.org
CURVExpo,http://www.curvexpo.com/,+1 (203) 698 7470,info@curvexpo.com
Eurovet,http://www.eurovet.fr/,+33 (0)1 47 56 32 32,eurovet@eurovet.fr
Asheville Home Builders Association,http://ashevillehba.com/,+1 (828) 299-7001,info@ashevillehba.com
NAHB (National Association Home Builders),http://www.nahb.com/,+1 (202) 266-8200,info@nahb.com
WRA (World Refining Association),http://www.wraconferences.com/,+44 (0) 1242 529 090,wra@theenergyexchange.co.uk
Rock Creek Renegades,http://www.rockcreekrenegades.com/,+1 (402) 477 6409,amoody1@neb.rr.com
"Midessa Boat, RV, Sport & Gun Show",http://midessaboatshow.net/,+1 (432) 381-3324,jramseynrg@aol.com
Northwest Arkansas Home Builders Association,http://www.nwaparadeofhomes.com/,+1 (479) 751-6688,info@nwabuilders.com
Castle Events LLC,http://newenglandhomeshows.com/,+1 (508) 823-0389,richcastig@comcast.net
The Mart,http://themart.com/,+1 (312).527.4141,propertymanager@themart.com
Lingerie Americas Inc. (France),http://www.lingerie-americas.com/,+33 (0)1 42 96 22 35,info@lingerie-americas.com
NRA - National Rifle Association of America,http://www.nrahq.org/,+1 (800) 672-4868,GAOS@nrahq.org
"3DR Holdings, LLC",http://3drholdings.com/,+1 (212) 389 2000,info@3dpfund.com
"ACICAM (Asociación Colombiana de Industriales del Calzado, el Cuero y sus Manufacturas)",http://acicam.org/,+57 (1) 601 281 6400,acicam@acicam.org
Motorcycle Industry Council,http://www.mic.org/,+1 (949) 727-4211,bfiner@mic.org
SLAS (Society for for Laboratory Automation and Screening),http://www.slas.org/,+1 (630) 256-7527,bsacks@slas.org
Fredericksburg Expo and Conference Center,http://www.fredericksburgexpocenter.com/,+1 (540) 548.5555,events@fred-center.com
Silicon Valley Auto Dealers Association,http://www.svautodealers.com/,+1 (408) 437.7557,ssmith@svautodealers.com
"Catersource Magazine, Conference & Tradeshow",http://www.catersource.com/,+1 (877) 932 3632,info@catersource.com
AAOS (American Academy of Orthopaedic Surgeons),http://www.aaos.org/,+1 (847) 823.7186,meeting@aaos.org
Canadian Concrete Expo,http://canadianconcreteexpo.com/,+1 (226) 363-0550,sue@exposition.com
Expo Management Inc.,http://www.exposition.com/,+1 (416) 927-1376,info@exposition.com
Globe Foundation of Canada,http://www.globe.ca/,+1 (604) 775-7300,info@globe.ca
Marine Trades Association of New Jersey,http://mtanj.org/,+1 (732) 292-1051,info@mtanj.org
Picaflor Sarl,http://www.iloveplaytime.com/,,sebastien@iloveplaytime.com
"International Agri-Center, Inc.",http://www.internationalagricenter.com/,+1 (559) 688-1030,events@farmshow.org
Boating Industry Association of Upstate NY,http://www.cnybia.com/,+1 (315) 447-9286,bia@twcny.rr.com
Crafts America LLC,http://www.craftsamericashows.com/,+1 (203) 254-0486,info@craftsamericashows.com
Triangle Management Services Ltd.,http://www.triangle.eu.com/,+44 (0)1628 642 910,team@triangle.eu.com
Farm Progress,http://marketing.farmprogress.com/,+1 (212) 600-3668,shows@farmprogress.com
Euromedicom,http://www.euromedicom.com/en,+33 (0)1 58 56 74 00,registration@euromedicom.com
EREF (Environmental Research & Education Foundation),http://erefdn.org/,+1 (919) 861-6876,foundation@erefdn.org
Western Veterinary Conference,http://wvc.org/,+1 (702) 739.6698,info@wvc.org
ConFoo,http://confoo.ca/,+1 (888) 392-0909,board@confoo.ca
"Fox Valley Outdoor Enthusiasts, LLC",http://www.rvboatmainevent.com/,+1 (920) 676-7903,info@rvboatmainevent.com
AEMA (Asphalt Emulsion Manufacturers Association),http://www.aema.org/,+1 (410) 267-0023,krissoff@aema.org
Pittsburgh Conference,http://www.pittcon.org/,+1 (412) 825-3220,expo@pittcon.org
Harrisburg RV Show,http://www.parvsupershow.com/,,
ABUP (Associação Brasileira das Empresas de Utilidades e Presentes),http://www.abup.com.br/,+55 11 4010-5200,abup@abup.com.br
Beacon Events Ltd,http://www.beaconevents.com/,+852 2531 6100,info@beaconevents.com
Home Builders Association of Metropolitan Portland,http://www.homeshowpdx.com/,+1 (503) 479-2660,homeandgardenshows@hbapdx.org
"Equestrian Promotions, Inc",http://www.horseworldexpo.com/,+1 (301) 916-0852,info@horseworldexpo.com
Fexpocruz,http://www.fexpocruz.com.bo/,+591 3 353-3535,feria@fexpocruz.com.bo
Anato (Asociación Colombiana de Agencias de Viajes y Turismo),http://www.anato.org/,+57 (1) 6107099,anato@anato.org
Canadian Golfexpo,http://www.canadiangolfexpo.ca/,+1 (﻿866) 626-4262,gchambers@ngcoa.ca
Digital Dentistry Society,http://digital-dentistry.org/,,info@digital-dentistry.org
Internet Society,http://www.isoc.org/,+1 (703) 648-9888,isoc@isoc.org
Bio (Biotechnology Industry Organization),http://www.bio.org/,+1 (202).962.9200,cbeckman@bio.org
"Patronato de AgroBaja, A. C.",http://www.agrobaja.com/,+52 01 686 592-1186,info@agrobaja.com
Emerald City Comicon Corp.,http://www.emeraldcitycomicon.com/,+1 (425).744.2767,info@emeraldcitycomicon.com
"Endeavor Business Media, LLC",http://www.endeavorbusinessmedia.com/,+1 (800) 547-7377,
Vinexposium,http://www.vinexposium.com/,+33 (0)1 76 77 11 11,info@vinexposium.com
Comexposium,http://www.comexposium.com/,+33 (0)1 76 77 11 11,dcom@comexposium.com
MPIF (Metal Powder Industries Federation),http://www.mpif.org/,+1 (609) 452-7700,info@mpif.org
MIC (Ministerio de la Informatica y las Comunicaciones de Cuba),http://www.mic.gov.cu/,,informaticahabana@mic.cu
Cervefest México,http://www.cervefest.com.mx/,+55 6964 5192,ventas@cervefest.com.mx
Babypalooza Inc.,http://www.babypalooza.com/,+1 (205) 440 2229,
"Aeroxchange, Ltd",http://www.aeroxchange.com/aexportal,+1 (972) 556 8500,sales@aeroxchange.com
Expoagro,http://www.expoagro.com.ar/,+54 11 5128-9800/05,igandara@expoagro.com.ar
PDAC (Prospectors and Developers Association of Canada),http://www.pdac.ca/,+1 (416) 362 1969,info@pdac.ca
ACIC Caruaru,http://aciccaruaru.com/,+55 81 3721-2725,marketing@aciccaruaru.com
AMPP (Association for Materials Protection and Performance),http://www.ampp.org/,+1 (281) 228 6200,firstservice@nace.org
EnsembleIQ Canada - Toronto,http://ensembleiq.com/,+1 (877) 687-7321,mcronin@ensembleiq.com
EnsembleIQ Corporate,http://ensembleiq.com/,+1 (773) 992-4450,mcronin@ensembleiq.com
Scrapbook Expo,http://www.scrapbookexpo.com/,+1 (888) 252-3976,info@scrapbookexpo.com
Zak Group,http://zakgroup.com/,+91 44-42959595,info@zakgroup.com
Hannover Fairs México,http://www.hfmexico.mx/en,+52 (55) 7028 3335,info@hfmexico.mx
Deutsche Messe AG Hannover,http://www.messe.de/,+49 (0)511 89 0,info@messe.de
NSTA (National Science Teacher's Association),http://www.nsta.org/,+1 (703) 243-7100,executive@nsta.org
Francal Feiras,http://francalfeiras.com.br/home-ing,+55 (11) 2226-3100,atendimento@francal.com.br
"Expocomer (Cámara de Comercio, Industrias y Agricultura de Panamá)",http://www.expocomer.com/,+507 207-3433,expo@expocomer.com
Outsider Art Fair / Wide Open Arts,http://www.outsiderartfair.com/,+1 (212) 337 3338,info@outsiderartfair.com
Fenac S/A,http://www.fenac.com.br/,+55 51 3587 3366,eventos@fenac.com.br
MHIA (Material Handling Institute of America),http://www.mhia.org/,+1 (800) 345-1815,cmiller@mhia.org
Latin Press Inc.,http://www.latinpressinc.com/en,+1 (305) 285 3133,informatica@latinpressinc.com
Fortem International USA,http://www.fortem-international.com/,+1 (586) 723 7859,inquiries.epllv@fortem-international.com
Fortem International Ltd.,http://www.fortem-international.com/,+44 0117 930 4927,inquiries.epllv@fortem-international.com
HIMSS (Healthcare Information and Management Systems Society),http://www.himss.org/,+1 (312) 664-4467,
SXSW LLC.,http://sxsw.com/,,
BILD (Building Industry & Land Development Association),http://www.bildgta.ca/,+1 (416) 644-5408,homeshows@bildgta.ca
NTEA (Association for the Work Truck Industry),http://www.ntea.com/,+1 (248) 489-7090,info@ntea.com
"MJSA (Manufacturing Jewelers & Suppliers of America, Inc.)",http://www.mjsa.org/,+1 (401) 274-3840,
Oliver Kinross Ltd,http://www.oliver-kinross.com/,+44 (0)203 058 2350,info@oliverkinross.com
Oliver Kinross Asia Pacific,http://www.oliver-kinross.com/,+852 9794 5770,info@oliverkinross.com
ANTAD,http://www.antad.net/,+52 (55) 5580 9900,malvarez@antad.org.mx
Pet  Event Professionals,http://peteventprofessionals.com/,+1 (800) 977-3609,inquiries@peteventpros.com
Alimentaria Exhibitions S.A.,http://www.alimentaria.com/,+34 93 4521800,info@alimentaria.com
Montana department of Commerce,http://commerce.mt.gov/,+1 (406) 841-2700,
Sofex Americas Ltda.,http://www.sofexamericas.com/,+57 1 618 0972,info@sofexamericas.com
SIAL,http://www.sial.fr/,,sial@sial.fr
Cine Gear Expo,http://www.cinegearexpo.com/,+1 (310) 472-0809,info@cinegearexpo.com
Feicap,http://www.feicap.com.br/,+55 3522-2001,feicap@feicap.com.br
Oxford Publishing Inc.,http://www.oxfordpublishinginc.com/,+1 (800) 247-3881,oxfordpublishing@oxpub.com
ANA (American Numismatic Association),http://www.money.org/,+1 (719) 632-2646,ana@money.org
International Pizza Expo,http://www.pizzaexpo.com/,+1 (502) 599-4650,boakley@pizzatoday.com
CEATI International Inc.,http://www.ceati.com/,+1 (514) 866-5377,events@ceati.com
Aqua Media International Ltd,http://www.hydropower-dams.com/,+44 20 8773 7244,sales@hydropower-dams.com
Rethink Events Ltd,http://www.rethinkevents.com/,+44 (0)1273 789912,info@rethinkevents.com
IHS,http://www.ihs.com/,+1 (832) 619-8599,mbspolymer@aol.com
AFUBRA (Associação dos Fumicultores do Brasil),http://en.afubra.com.br/,+55 51 3713-7715,expoagro@afubra.com.br
Informa Markets Brazil,http://www.informamarkets.com/en/regions.html,+55 11 4632 0200,informamarkets@informa.com
Andina Link,http://andinalink.com/,+57 (316) 877-6065,maria@andinalink.com
FESPA (Federation of European Screen Printers Association),http://www.fespa.com/,+44 (0)1737 240788,info@fespa.com
GCADA (Greater Cincinnati Automobile Dealers Association),http://www.gcada.net/,+1 (513) 326-7100,info@gcada.net
Affordable Art Fair,http://www.affordableartfair.com/,+44 (0)20 8246 4848,enquiries@affordableartfair.com
IHA (International Housewares Association),http://www.housewares.org/,+1 (847) 292-4200,jgranda@housewares.org
New Hope Natural Media,http://www.newhope.com/,+1 (303) 939-8440,info@newhope.com
Tradex Exposiciones Internacionales,http://www.tradex.mx/,+52 (55) 5604 4900,info@tradex.com.mx
Vostock Capital,http://vostockcapital.com/,+44 207 394 3090,events@vostockcapital.com
GNYADA (Greater New York Automobile Dealers Association),http://www.gnyada.com/,+1 (718).746.5900,assistance@gnyada.com
Commerce Interact Ltd.,http://www.commerceinteract.com/,+44 (0)20 7193 4823,contact@commerceinteract.com
"Pinnacle Shows, LLC",http://pinnacle-shows.com/,+1 (470) 306-5544,Evan@pinnacle-shows.com
MHI (Manufactured Housing Institute),http://www.mfghome.org/,+1 (703) 558-0400,registration@mfghome.org
LLHA Association,http://www.llha.ca/,+1 (866) 872.2420,info@llha.ca
Oil & gas Council,http://oilandgascouncil.com/,+1 (713) 353 3915,
"PC International, Inc.",http://www.ipc.org/,+1 (847) 615-7100,Contact.Us@ipc.org
"Conventures, Inc.",http://www.conventures.com/,+1 (617) 439 7700,info@conventures.com
BAA (Boston Athletic Association),http://www.baa.org/,,info@baa.org
Terrapinn USA,http://www.terrapinn.com/,+1 (212) 379 6320,enquiry.us@terrapinn.com
Terrapinn Holdings Ltd,http://www.terrapinn.com/,+44 (0)20 7608 7030,enquiry.uk@terrapinn.com
Cal State Enterprises,http://www.calexpo.com/,+1 (559) 322-2211,info@calexpo.com
ARCHITECT @ WORK Headquarters,http://www.architectatwork.com/,+32 (0)56 24 11 59,info@architectatwork.com
Xpo messe kontakt Gmbh,http://www.architectatwork.eu/,+49 (0)221 272 53 375,germany@architectatwork.eu
Fidae,http://www.fidae.cl/,+56 2 8739750,central@fidae.cl
MFV Expositions,http://www.franchiseexposouth.com/,+1 (201) 226-1130,info@mfvexpo.com
ARC (Automation Research Corporation),http://www.arcweb.com/,+1 (781) 461 9100,info@arcweb.com
"ASLMS (American Society for Laser Medicine and Surgery, Inc.).",http://www.aslms.org/,+1 (715) 845-9283,information@aslms.org
Annapolis Boat Shows,http://www.annapolisboatshows.com/,+1 (410) 268 8828,info@annapolisboatshows.com
Pintastic LLC,http://www.pintasticnewengland.com/,+1 (774) 278-3541,david@pintasticne.com
National Indian Gaming Association,http://indiangaming.org/,+1 (202) 546.7711,questions@indiangaming.org
3A Producciones,http://www.3aproducciones.com/,,info@3aproducciones.com
Grace McNamara Inc.,http://www.wf-vision.com/,+1 (651) 293-1544,info@wf-vision.com
Seatrade Cruise Events,http://www.seatradecruiseevents.com/,+44 1206 545121,A.Williams@informa.com
SAE (Society of Automotive Engineers),http://www.sae.org/,+1 (724) 776 4841,customerservice@sae.org
Italian Exhibition Group SpA,http://www.iegexpo.it/en,+39 0541 744111,info@iegexpo.it
Bellavita Expo Ltd,http://www.bellavita.com/,+44 (0) 20 3002 0506,info@quirismedia.com
Abióptica (Associação Brasileira da Indústria Óptica),http://www.abiotica.com.br/,+55 (11) 3045-2090,abioptica@abioptica.com.br
Aranda Eventos e Congressos,http://www.arandanet.com.br/,+55 (11) 3824-5300,fsf@arandanet.com.br
NAB (National Association of Broadcasters),http://www.nab.org/,+1 (202) 429-5300,nab@nab.org
WF-VISION  |  IWCE,http://www.wf-vision.com/,+1 (651) 330-0574,info@wf-vision.com
ISA (International Sign Association),http://www.signexpo.org/,+1 (703) 836 4012,info@signs.org
Halldale Group,http://www.halldale.com/,+1 (407) 322 5605,info@halldale.com
Pop Con LLC,http://www.indypopcon.com/,+1 (866) 544-4007,info@indypopcon.com
Ascential plc,http://www.ascential.com/,+44 (0)207 516 5000,contact@ascential.com
Hyve Group Plc,http://www.hyve.group/,+44 20 3545 9400,info@hyve.group
SVEM (Salon du véhicule électrique de Montréal),http://svem.ca/,+1 (450) 818 5373,info@svem.ca
CASALCO (Cámara Salvadoreña de la Industria de la Construción),http://www.casalco.org.sv/,+503 2510-1200,mercadeoynegocios@casalco.org.sv
Fenasoja,http://www.fenasoja.com.br/,+55 3512-6866,fin@fenasoja.com.br
Envase Brasil,http://www.envasebrasil.com.br/,+55 (54) 3452-9135,
InfoAgro,http://infoagroexhibition.com/en,+34 902 300103,exhibition@infoagro.com
CAPA - Centre for Aviation,http://www.centreforaviation.com/,+61 2 9241 3200,events@centreforaviation.com
ITS America,http://www.itsa.org/,+1 (800) 374-8472.,info@itsa.org
"DMG Events, Ltd",http://www.dmgevents.com/,+44 1737 855162,jessicasn@dmgeventsme.com
Newcom Média Québec inc.,http://www.newcom.ca/,+1 (514) 938-0639,joanw@newcom.ca
Newcom Business Media Inc.,http://www.newcom.ca/,+1 (416) 614-2200,joanw@newcom.ca
Abimaq,http://www.abimaq.org.br/,+55 (11) 5582 6311,dir@abimaq.org.br
Art Market Productions,http://artmarketproductions.com/,+1 (212) 518 6912,info@amp.events
Rapid News Group,http://www.rapidnews.com/,+44 1244 680222,jenna@rapidnews.com
APAS (Associação Paulista de Supermercados),http://feiraapas.com.br/?lang=en,+55 (11) 3647-5000,relacionamento@apas.com.br
Baking Association of Canada,http://www.baking.ca/,+1 (905) 405 0288,mbarnett@baking.ca
CanNorth Shows Inc.,http://www.cannorthshows.com/,+1 (855) 723-1156,info@cannorthshows.com
Promovisão,http://www.promovisao.com.br/,+55 (11) 3087-5050,contato@promovisao.com.br
"NBAA (National Business Aircraft Association, Inc)",http://www.nbaa.org/,+1 (202) 783-9000,info@nbaa.org
NYSCC (New York Society of Cosmetic Chemists),http://www.nyscc.org/,,
Fapcen (Fundação de Apoio à Pesquisa do Corredor de Exportação Norte),http://fapcen.org.br/,+55 (99) 3541-4404,ascom@fapcen.org.br
Rondônia Rural Show Internacional,http://www.rondoniaruralshow.ro.gov.br/,+55 (69) 3212-8811,edson.ferreira@seagri.ro.gov.br
Parks Associates,http://www.parksassociates.com/,+1 (972) 490.1113,info@parksassociates.com
AEE (Association of Energy Engineers),http://www.aeecenter.org/,+1 (770) 447-5083,info@aeecenter.org
AES (Audio Engineering Society Inc.),http://www.aes.org/,+1 (212) 661-8528,
WantedDesign,http://www.wanteddesignnyc.com/,,info@wanteddesignnyc.com
ANPIC A.C.,http://www.anpic.com/,+52 (477) 710 7200,anpic@anpic.com
VOLTA Production Office,http://www.voltashow.com/,,info@voltashow.com
Koelnmesse Organização de Feiras Ltda.,http://www.koelnmesse.de/,,info@koelnkongress.de
Trade Show Factory,http://www.tsfactory.com.mx/,+52.81.8333.4400,informes@tsfactory.com.mx
The Canadian Tulip Legacy,http://tulipfestival.ca/,+1 (800) 668-8547,info@tulipfestival.ca
TEFAF New York,http://www.tefaf.com/,+1 212 370 2501,info@tefafny.com
European Fine Art Foundation,http://www.tefaf.com/,+31 411 64 50 90,info@tefaf.com
CHI (Division of Cambridge Innovation Institute),http://www.pegsummit.com/,+1 (781) 972-5400,chi@healthtech.com
Cambridge Innovation Institute,http://www.cambridgeinnovationinstitute.com/,+1 (781) 972.5400,cii@cambridgeinnovationinstitute.com
SIAL Canada & SET Canada,http://www.sialcanada.com/,+1 (514) 289-9669,info@sialcanada.com
TG Expo International Fairs,http://www.tgexpo.com/en,+90 216 338 45 25,info@tgexpo.com
Ontario Waterpower Association,http://www.owa.ca/,+1 (866) 743-1500,info@owa.ca
PMA (Precision Metalforming Association),http://www.metalforming.com/,+1 (216) 901-8800,pma@pma.org
Plastics Industry Association,http://www.plasticsindustry.org/,+1 (202) 974.5235,npe@plasticsindustry.org
"SID,  Inc. (Society for Information Display)",http://www.sid.org/,+1 (408) 977-1013,office@sid.org
The Expo Hut Inc.,http://expohut.ca/,+1 (905) 232.6331,info@expohut.ca
"CIM (Canadian Institute of Mining, Metallurgy and Petroleum)",http://www.cim.org/,+1 (514) 939-2710,cim@cim.org
NCA (National Confectioners Association),http://www.candyusa.com/,+1 (202) 534-1440,info@candyusa.com
Quartz Business Media,http://quartzltd.com/,+44 (0)1737 855 000,info@quartzltd.com
Infopro Digital,http://www.infopro-digital.com/?lang=en,+33 (0)1 77 92 92 92,splatel@infoprodigital.com
WBR (Worldwide Business Research),http://www.wbresearch.com/,+44 (0)207 368 9465,pives@wbr.co.uk
Midwest Antiquarian Booksellers Association,http://www.mwaba.com/,,info@mwaba.com
ASCO (American Society of Clinical Oncology),http://www.asco.org/,+1 (888) 282-2552,customerservice@asco.org
"Beverage Media Group, Inc.",http://fr.linkedin.com/company/beverage-media,+1 (855) 481 1112,sid@usatradetasting.com
Event Industry Expo,http://www.eventindustryexpo.com/,+1 (800) 506-1540,support@eventindustryexpo.com
"Eagle Eye Expositions, LLC",http://www.eagleeyeexpos.com/,+1 (203) 822-7960,Pmackler@eagleeyeexpos.com
Conférium,http://www.conferium.com/,+1 (418) 522-8182,conference@conferium.com
The eWorld Team S.L.,http://www.the-eworld.com/,+34 93 309 49 41,hello@the-eworld.com
INTA (International Trademark Association),http://www.inta.org/,+1 (212) 642-1700,memberoperations@inta.org
Via Àpia Eventos,http://viaapiaeventos.com.br/,+55 (47) 3336-3314,contato@viaapiaeventos.com.br
National Restaurant Association,http://www.restaurant.org/,+1 (202) 331-5900,info@dineout.org
"JOGS International Exhibits, LLC",http://jogsshow.com/,+1  (213) 629-3030,info@jogsshow.com
Mundo Textil,http://www.mundotextilmag.com.ar/,+54-11-4862-8485,coordinacionmt@fibertel.com.ar
Mondial de la Bière,http://festivalmondialbiere.qc.ca/,+1 (514) 722-9640,mbiere@globetrotter.net
Racine Arts Council,http://www.racineartscouncil.org/,+1 (262) 635-0261,info@racineartscouncil.org
ATD - Association for Talent Developemnt,http://www.astd.org/,+1 (703) 683.8100,
ESA (Entertainment Software Association),http://www.theesa.com/,,esa@theesa.com
Expotrade Argentina,http://www.expotrade.com.ar/,+54 (11) 4779-5300,info@expotrade.com.ar
AIA (Asociación de Industriales de Antofagasta),http://www.aia.cl/,+56 55 2454300,exponor@aia.cl
Reconnaissance International,http://www.reconnaissance-intl.com/,+44 (0)1932 785 680,events@recon-intl.com
Premiere Show Group,http://www.premiereshows.com/,+1 (407) 265-3131,ed@premiereshows.com
CSAA (Central Station Alarm Association International),http://csaaintl.org/,+1 (703) 242-4670,techadmin@csaaintl.org
ESA (Electronic Security Association),http://www.esaweb.org/,+1 (972) 807-6800,
Publitec,http://www.publitec.com.ar/,+54 (11) 4903-9600,info@publitec.com.ar
AIA (American Institute of Architects),http://www.aia.org/,+1 (202) 626-7300,BoardofDirectors@aia.org
CAIP (Cámara Argentina de la Industria Plástica),http://www.caip.org.ar/,+54 (11) 4821-9603,caip@caip.org.ar
"KJ Expositions, Inc.",http://www.inats.com/,+1 (303) 368-0060,Kjexpo@aol.com
AVIXA (Audiovisual and Integrated Experience Association),http://www.avixa.org/,+1 (703) 273-7200,membership@avixa.org
IQPC New York,http://www.iqpc.com/,+1 (212) 885 2700,enquiry@iqpc.com
PMMI Latin America Office,http://www.pmmi.org/,+52 (55) 5545-4254,latina@pmmi.org
Northstar Travel Media LLC.,http://www.northstartravelgroup.com/,+1 (201) 902-2000,
"MP Associates, Inc.",http://www.mpassociates.com/,+1 (303) 530-4562,kevin@mpassociates.com
EventWorx Corporation,http://www.eventworxcorporation.com/,+1 (403) 971-3227,marketing@eventworx.ca
CBAA (Canadian Business Aviation Association),http://www.cbaa.ca/,+1 (613) 236-5611,info@cbaa.ca
Grupo Trade Show,http://www.ts.com.mx/,+52 55 5077-4742,ventas@ts.com.mx
"FIME (International Medical Exposition, Inc).",http://www.fimeshow.com/,+1 (941) 366-2554,Fime@informa.com
Informa Life Sciences Exhibitions,http://informalifesciences.com/en,+971 4.3365161,info@lifesciences-exhibitions.com
AWMA (Air & Waste Management Association),http://www.awma.org/,+1 (412) 232-3444,info@awma.org
"InterTech Americas, Corp.",http://www.latampaper.com/,+1 (813) 940 6989,admin@latampaper.com
SIA (SnowSports Industries America),http://www.snowsports.org/,+1 (435) 657-5140,info@snowsports.org
Vision Star Entertainment Inc,http://www.europaexpo.com/,,BettyPariso@aol.com
ABF (Associação Brasileira de Franchising),http://www.abf.com.br/,+55 (11) 3020-8800,internacional@abf.com.br
Media Edge Communications Inc.,http://www.mediaedge.ca/,+1 (416) 512-8186,info@mediaedge.ca
NSTI (Nano Science and Technology Institute),http://www.nsti.org/,+1 (925) 353-5004,mlaudon@nsti.org
IAHE (International Association for Hydrogen Energy),http://www.iahe.org/,,info@iahe.org
EFCA (Exposiciones y Ferias de la Construcción Argentina),http://www.batev.com.ar/,+54 (11) 4343-7020,info@batev.com.ar
Real District,http://www.realdistrict.ca/,+1 (306) 781-9200,communications@real1884.ca
Caroline County Agricultural Fair Association,http://www.carolinefair.com/,+1 (804) 466-1507,
Landesmesse Stuttgart GmbH,http://www.messe-stuttgart.de/en,+49 711 18560-0,info@messe-stuttgart.de
Westmoreland Arts & Heritage,http://www.artsandheritage.com/,+1 (724) 834 7474,info@artsandheritage.com
Semi North America,http://www.semi.org/,+1 (408) 943 6900,semiexpositions@semi.org
Ludington Area Center for the Arts,http://www.ludingtonartscouncil.org/,+1 231 845 2787,info@ludingtonartscenter.org
WoodenBoat Show,http://www.woodenboat.com/,+1 (207) 359 4651,woodenboat@woodenboat.com
On Time Media LLC,http://www.ontimemedia.com/,+1 (859) 746-6210,
Kutztown Folk Festival,http://www.kutztownfestival.com/,+1 (888) 674 6136,
Cedar City Rotary Club,http://www.cedarcityrotaryclub.com/p/contact-us.html,+1 (435) 267-2145,cedarcityrotaryclub@gmail.com
SPJA (Society for the Promotion of Japanese Animation),http://www.spja.org/,+1 (714)  937-2994,info@spja.org
National Cherry Festival,http://www.cherryfestival.org/,+1 (231) 947-4230,info@cherryfestival.org
Anime Midwest,http://www.animemidwest.com/,,
Toronto Outdoor Art Exhibition,http://www.torontooutdoorart.org/,+1 (416) 408-2754,events@torontooutdoorart.org
Muskegon Lakeshore chamber of commerce,http://www.muskegon.org/,+1 (231) 722-3751,mlcc@muskegon.org
Weld County Colorado,http://www.co.weld.co.us/,+1 (970) 304 6535,jmasarie@weldgov.com
MAIA (Martial Arts Industry Association),http://www.masuccess.com/,+1 (866) 626-6226,info@masuccess.com
Cedar Creek Veterans Foundation,http://tocclairshow.com/ccvf.html,+1 (903) 451-3291,info@ccveteransfoundation.org
La Maison du Festival,http://www.montrealjazzfest.com/en-CA,+ 1 (514) 492-1775,commentaires_jazz@equipespectra.ca
Weatherford Chamber of Commerce,http://www.weatherford-chamber.com/,+1 (817) 596-3801,info@weatherford-chamber.com
Well Link Consultants Ltd,http://www.spinexpo.com/,+852 2824 8581,info@spinexpo.com
Central Pennsylvania Festival of the Arts,http://www.arts-festival.com/,+1 (814) 237 3682,
Lakeland Boat Show,http://www.lakelandboatshow.com/,+1 (727) 894-3644,info@lakelandboatshow.com
Medical Insight,http://www.miinews.com/,+1 (949) 830-5409,info@miinews.com
Messe Frankfurt Mexico,http://www.messefrankfurt.com.mx/,+52 (55) 5545-4488 ext 102,info@mexico.messefrankfurt.com
Circle of Janus Inc.,http://www.circleofjanus.org/,+1 (317) 694-6811,info@inconjunction.org
ASA (American Sportfishing Association),http://www.asafishing.org/,+1 (703) 519.9691,info@asafishing.org
Barr Enterprises,http://www.barrconferences.com/,+1 (301) 668-6001,janet@barrconferences.com
Brookings Summer Arts Festival Committee,http://www.bsaf.com/,+1 (605) 692-787,generalinfo@bsaf.com
"Latin Expo Group, LLC",http://www.latinexpogroup.com/,+1 (786) 293 5186,info@latinexpogroup.com
Digital Signage Expo,http://digitalsignageexpo.net/,+1 (770) 649 0300,info@digitalsignageexpo.net
Auction Comercial Promotora Ltda.,http://www.fipan.com.br/,+55 (11) 3105-6766,fipan@fipan.com.br
Sampapão (Sindicato e Associação dos Industriais de Panificação e Confeitaria de São Paulo),http://www.sindipan.org.br/,+55 (11) 3291-3700,contato@sindipan.org.br
TRA (Texas Restaurant Association),http://www.txrestaurant.org/,+1 (512) 457-4100,membership@tramail.org
AACC (American Association for Clinical Chemistry),http://www.aacc.org/,+1 (800) 892-1400,custserv@aacc.org
Burning Man Project,http://burningman.org/,,
IFPA (International Fresh Produce Association),http://www.freshproduce.com/,+1 (202) 303-3400,memberservices@freshproduce.com
ACM Siggraph,http://www.siggraph.org/,+1 (212) 626-0500,acmhelp@acm.org
IFT (Institute of Food Technologists),http://www.ift.org/,+1 (312) 782-8424,info@ift.org
Ohio Expo Center & State Fair,http://www.ohiostatefair.com/,+1 (614) 644-3247,info@expo.state.oh.us
Iola Old Car Show Inc,http://www.iolaoldcarshow.com/,+1 (715) 445-4000,Information@iolaoldcarshow.com
ISN,http://www.isnweb.com/,+1 (800) 603-4389,
Penton Media Conferences and Exhibitions,http://www.penton.com/,+1 (216) 696-7000,corpcomm@penton.com
Seafair,http://www.seafair.com/,+1 (206) 728 0123,info@seafair.com
ACGA (Association of Clay & Glass Artist of California),http://www.acga.net/,+1 (925) 254-8457,jan_schachter@sbcglobal.net
IFAA (International Folk Art Alliance),http://www.folkartalliance.org/,+1 (505) 992-7600,askus@folkartalliance.org
Renaissance Craftables,http://www.renaissancecraftables.com/,+1 (215) 843-4462,
CCPIA (China Crop Protection Industry Association),http://www.ccpia.com.cn/en,+86 010 84885255,ccpia@126.com
Guilford Art Center,http://www.guilfordartcenter.org/,+1 (203) 453-5947,
Milestone Presentations LLC,http://www.milestoneshows.com/,+1 (303) 690-3233,info@milestoneshows.com
Life Promotions Inc.,http://www.lifepromotions.org/,+1 (920) 738-5588,info@lifepromotions.com
ANDAV (Associação Nacional dos Distribuidores de Insumo Agrícolas e Veterinários),http://www.andav.com.br/,+55 (19) 3203.9884,comunicacao@andav.com.br
Veronafiere,http://www.veronafiere.it/,+39 045 8298111,info@veronafiere.it
Vancouver Wine & Jazz Festival,http://www.vancouverwinejazz.com/,+1 (360) 906-0441,info@vancouverwinejazz.com
Real Alliance,http://real-alliance.com.br/,+55 11 5095 0096,info@bmcomm.com.br
IDEAg Group LLC,http://www.ideaggroup.com/,+1 (800) 827-8007,IDEAg@ideaggroup.com
AFAMJAL (Asociación De Fabricantes De Muebles De Jalisco AC),http://afamjal.com.mx/,+52 33 3343 3400,tecnomueble@afamjal.com.mx
Black Hat,http://www.blackhat.com/,+1 (866) 203 8081,blackhatregistration@informa.com
FedeFruta (Federación Gremial Nacional de Productores de Frutas de Chile),http://www.fedefruta.cl/,+56 (2) 585 45 00,info@fedefruta.cl
Conseil des métiers d'art de Québec,http://www.metiersdart.ca/,+1 (514) 861-2787,info@metiersdart.ca
ABAG (Associação Brasileira de Aviação Geral),http://www.abag.org.br/,+55 (11) 5032-2727,abag@abag.org.br
RISI,http://www.risiinfo.com/,+1 (781) 734.8900,events@risi.com
Solar Promotion GmbH,http://www.intersolar.de/,+49 (0)7231-58598-0,info@intersolar.de
Grupo ArtSim Administrador de Eventos Ltda.,http://www.feiplar.com.br/,+55 11 2899-6381,consultoria@artsim.com.br
ATMA (American Textile Machinery Association),http://www.atmanet.org/,+1 (703) 538-1789,info@atmanet.org
APIPLAST (Asociación Peruana de la Industria del Plástico),http://apiplastperu.com/,+51 952 246 987,apiplast@apiplastperu.com
G -Trade Group,http://www.grafinca.com/,+51 242-4646 / 447-7379,info@perugrafico.com
Festival mode et design de Montréal,http://www.sensationmode.com/,+1 (514) 876-1499,info@sensationmode.com
ICO (International Council of Ophtalmology),http://www.icoph.org/,,info@icoph.org
MEACO (Middle East African Council of Ophthalmology),http://www.meaco.org/,+966 1 466 1085,info@meaco.org
Administradora Dinamica de Negocios,http://www.a-d-n.com.mx/,+52 91-38-29-31,ventas@a-d-n.com.mx
Cintel,http://www.cintel.org.co/,+57 1 6404410,cgamboa@cintel.org.co
Adex,http://www.adexperu.org.pe/,+51 (1) 618-3333,expoalimentaria@adexperu.org.pe
Instituto de Ingenieros de Minas del Perú,http://www.iimp.org.pe/,+51 1 349-0449,postmast@iimp.org.pe
Festival International de la Poésie,http://www.fiptr.com/,+1 (819) 379-9813,mbaribeau@fiptr.com
NAIAS (North American International Auto Show),http://www.naias.com/,+1 (248) 643.0250,
Hannover Fairs USA,http://www.hfusa.com/,+1 (773) 796-4250,iana@hfusa.com
Fredericton Exhibition Ltd.,http://www.frex.ca/,+1 (506) 458-8819,info@nbex.ca
John Bailey & Associates,http://www.baileypr.com/,+1 (248) 362-4200,naias-media@baileypr.com
Creo,http://creoarts.com/,+44 207 886 3077,info@creoarts.com
Grupo um Editora,http://www.boatshow.com.br/,+55 (11) 2186-1000,info@boatshow.com.br
Promex,http://www.promex.com.mx/,+52 81 83 69 68 36,promex@infosel.net.mx
Reuters Events,http://reutersevents.com/,+44 (0) 207 513 8995,clientservices@reutersevents.com
ACOTAPH (Asociación Colombiana de Profesionales en Atención Prehospitalaria),http://www.acotaph.org/,+57 3102636678,acotaphdc@gmail.com
EMS world,http://www.emsworld.com/,+1 (920) 563-1759,Scott@emsworld.com
CEDIA (Custom Electronic Design & Installation Association),http://www.cedia.net/,+1 (317) 328-4336,
AMT (Association For Manufacturing Technology),http://www.amtonline.org/,+1 (800) 524-0475,AMT@amtonline.org
Beauty Fair - Office,http://www.beautyfair.com.br/,+55 (11) 3373-4633,
Duncan McIntosh Co. Inc.,http://www.duncanmcintoshco.com/,+1 (949) 660-6150,
HPP Worldwide,http://www.hppexhibitions.com/,+31 20 - 662 2482,info@hpp.nl
In-Water Power Boat Show,http://acinwaterboatshow.com/,+1 (215) 732-8001,
AMDEE (Asociación Mexicana de Energía Eólica),http://www.amdee.org/,+52 55 5395-9559,DanielaM@amdee.org
GWEC (Global Wind Energy Council),http://www.gwec.net/,+32 2213 1897,info@gwec.net
Grupo Digamma,http://www.digammaperu.com/,+51 1 628 6300,info@expominaperu.com
Tarsus Expositions Inc.,http://www.tarsus.com/,+1 (262) 782-1900,lhansen@tarsusgroup.com
Ralcoh (Ralcoh Agência de Comunicação),http://www.ralcoh.com.br/,+55 (11) 3257-4741,dayan@ralcoh.com.br
"IBP (Instituto Brasileiro de Petróleo, Gás e Biocombustíveis)",http://www.ibp.org.br/,+55 (21) 2112-9000,riooil@ibp.org.br
National Mining Association,http://www.nma.org/,+1 (202) 463-2611,rmaddalena@nma.org
"Kallman Worldwide, Inc.",http://www.kallman.com/,+1 (201) 251-2600,info@kallman.com
Mark Allen Group,http://www.markallengroup.com/,+44 (0)20 7738-5454,mabconferences@markallengroup.com
IMPC (International Mineral Processing Council),http://impc-council.com/,+27 (0)21 650 2752,meg.winter@uct.ac.za
"dmg :: events Middle East, Asia & Africa",http://www.dmgeventsme.com/,+971 4 438 0355,dmgdubai@dmgeventsme.com
"Northstar Travel Media, LLC.",http://www.northstarmeetingsgroup.com/,+1 (310) 954-2525,ledelstein@ntmllc.com
Hemming Group,http://www.hgluk.com/,+44 (0)20 7973 6400,info@hgluk.com
Mercoferias Srl,http://www.expomedical.com.ar/,+54 11-4791-8001,info@expomedical.com.ar
"Schneider Publishing Company, Inc",http://www.schneiderpublishing.com/,+1 (310) 577-3700,info@schneiderpublishing.com
UKIP Media & Events Ltd.,http://www.ukimediaevents.com/,+44 1306 743744,info@ukimediaevents.com
HPP Ecuador Cia. Ltda.,http://www.hppexhibitions.com/,+593-2-2270636,info@hppecuador.com
Pro Andes,http://www.proandes.net/,+56 2 342 42 67,info@expoandes.net
Associação Rural de Lages,http://www.lagesrural.com.br/,+55 (49) 3223 1892,sindicatorural@lagesrural.com.br
Plastic Concept S.A.C.,http://www.expotextilperu.com/,+51 (1) 714 9558,info@expotextilperu.com
Hannover Fairs do Brasil,http://www.hanover.com.br/,+55 (41) 30276707,hmcwb@hanover.com.br
The Fancy Tipple,http://thefancytipple.com/,+44 7440 687349,info@thefancytipple.com
SindusVinho (Sindicato da Indústria do Vinho de São Roque),http://www.sindusvinho.com.br/,+55 (11) 4712-3231,sindusvinho.sr@uol.com.br
"AQAVBS (Association Québecoise des Agences de Vins, Bières et Spiritueux)",http://www.aqavbs.com/,+1 (514) 722-4510,information@aqavbs.com
Osney Media,http://www.osneymedia.co.uk/,+44 (0) 20 7336 4600,info@osneymedia.co.uk
Prometheus Global Media,http://www.filmexpos.com/,+1 (212) 493-4097,robert.sunshine@filmexpos.com
Canadian Ski Council - Conseil Canadien du Ski,http://www.skicanada.org/,+1 (905) 856-4754,help@skicanada.org
International Titanium Association,http://www.titanium.org/,+1 (303) 404-2221,conference@titanium.org
Amartze Events LLC,http://bigboystoysvegas.com/,+1 (424) 253 0773,info@bigboystoysvegas.com
Artaaj Exhibitions,http://www.artaaj.com/,+971 4 321 4747,info@artaaj.com
Artaaj Events Pvt Ltd,http://www.artaaj.com/,+91 80 500 40 777,info@artaaj.com
WEF (Water Environment Federation),http://www.wef.org/,+1 (703) 684-2452,confinfo@wef.org
RPM Brasil,http://www.rpmbrasil.com.br/,+55 (11) 3051-3159,rpmbrasil@rpmbrasil.com.br
PromPerú (Comisión de Promoción del Perú para la Exportación y el Turismo),http://www.promperu.gob.pe/,+51 616-7300,postmaster@promperu.gob.pe
CTIA - The Wireless Association,http://www.ctia.org/,+1 (202) 785-0081,
APEX (Airline Passenger Experience Association),http://www.apex.aero/,+1 (212) 297-2177,info@apex.aero
AWS (American Welding Society),http://www.amweld.org/,+1 (800) 443-9353,info@aws.org
"FMA (Fabricators & Manufacturers Association, International)",http://www.fmanet.org/,+1 (815) 399-8700,info@fmanet.org
WTWH Media LLC,http://www.wtwhmedia.com/,+1 (888) 543-2447,info@wtwhmedia.com
"Robotics Trends, Inc.",http://www.roboticstrends.com/,+1 (508) 663-1500,info@roboticstrends.com
Hospitalmed,http://www.hospitalmed.com.br/,+55 (81) 3049-2549,contato@hospitalmed.com.br
Advamed,http://advamed.org/,+1 (202).434.1372,register@medtechconference.org
"ANTAD (Asociación Nacional de Tiendas de Autoservicio y Departamentales, A.C.)",http://antad.net/,+52 55 5580 9900,
ABEEólica (Associação Brasileira de Energia Eólica e Novas Tecnologias),http://abeeolica.org.br/,+55 (11) 3674-1100,faleconosco@abeeolica.org.br
Sellers Expositions,http://www.sellersusa.com/,+1 (800) 558 8767,info@sellersusa.com
Intermet,http://www.intermetperu.com/,+51 987975959,metalurgia@intermetperu.com
IDFA (International Dairy Foods Association),http://www.idfa.org/,+1 (202) 737-4332,kmadison@ntpshow.com
Réseau Environnement,http://www.reseau-environnement.com/,+1 (514) 270-7110,info@reseau-environnement.com
"PSMJ Resources, Inc.",http://www.psmj.com/,+1 (617) 965-0055,info@psmj.com
CMT (Centre for Management Technology),http://www.cmtevents.com/,+65 6345 7322 / 6346 9132,sasha@cmtsp.com.sg
USGBC (U.S. Green Building Council),http://www.usgbc.org/,,support@register.greenbuildexpo.org
Revista Ferroviaria,http://www.revistaferroviaria.com.br/,+55 11 3059-6063,eventos@revistaferroviaria.com.br
"ANIDIGRAF (Asociación Nacional de Industriales y Distribuidores para la Industria Gráfica, A.C.)",http://www.anidigraf.com.mx/,+52 (55) 5536 2533,info@expografica.com
Aéro Montréal,http://www.aeromontreal.ca/home.html,+1 (514) 987-9330,info@aeromontreal.ca
Creative Events Brazil,http://creativeeventsbrazil.com/en-gb,+55 11 94477 1424,info@creativeeventsbrazil.com
Clarion Events Brazil,http://www.clarionevents.com/,+55 11 3893-1307,vivian.lima@clarionevents.com
Toy Industry Association inc.,http://www.toyassociation.org/,+1 (212) 675 1141,info@toyassociation.org
Servicios Forestales y de Exposiciones,http://www.expocorma.cl/,+56 (2) 688 7978,expocorma@expocorma.cl
ASME (American Society of Mechanical Engineers),http://www.asme.org/,+1 (212) 705-7740,langleyk@asme.org
Ibram (Instituto Brasileiro de Mineração),http://www.ibram.org.br/,+55 (61) 226-9367,ibram@ibram.org.br
ICA (International Cartographic Association),http://www.icaci.org/,,william.cartwright@rmit.edu.au
Graphics Canada Organization,http://www.graphicscanada.com/,+1 (416) 385-2030,danmustata@graphicscanada.com
Nascimento Feiras e Eventos Ltda,http://www.nascimentofeiras.com.br/,+55 11 2338 8688,info@nascimentofeiras.com.br
Famex Organization,http://www.f-airmexico.com.mx/en,+52 (55) 7098 5299,comercial@f-airmexico.com.mx
Aprhorosa,http://www.hortigranjeiros.com.br/,+55 99977-5130,contato@hortigranjeiros.com.br
Messe Frankfurt Feiras,http://www.expoprint.com.br/,+55 11-4688-6000,info@messefrankfurtfeiras.com.br
Guazzelli Messe Frankfurt,http://www.guazzelli.com.br/,+55 (11) 4688 6000,guafair@guazzelli.com.br
BEMA (Baking Industry Suppliers Association),http://www.bema.org/,+1 (913) 338-1300,info@bema.org
MOVERGS (Associação das Indústrias de Móveis do Estado do Rio Grande do Sul),http://www.movergs.com.br/,+55 (54) 2102-2450,movergs@movergs.com.br
Asopartes,http://www.asopartes.com/,+57 (1) 3150506 /11/14,presidente@asopartes.com
