id,organizer_name,website,phone,email
980,Wine Industry Expo,http://www.wineindustryexpo.com/,+1 (707) 433-2557 0100,info@wineindustryexpo.com
981,IAEE Global Headquarters,http://www.iaee.com/,+1 (972) 458-8002,info@ieae.com
982,Generis Group,http://www.generisgp.com/,+1 (416) 298 7005,info@generisgp.com
983,Messe Frankfurt Argentina,http://www.argentina.messefrankfurt.com/,+54 11 4514 1400,info@argentina.messefrankfurt.com
984,Performance Racing Industry,http://www.performanceracing.com/,+1 (949) 499-5413,mail@performanceracing.com
985,Great Southern Gun & Knife Shows LLC,http://www.greatsoutherngunshow.com/,+1 (865) 671-4757,info@greatsoutherngunshow.com
986,MCH Foire Suisse (Holding) SA,http://www.messe.ch/,+41 58 200 20 20,info@messe.ch
987,The Show Producers,http://www.theshowproducers.com/,+1 (212) 404-2345,clientservices@theshowproducers.com
988,USCM (United States Conference of Mayors),http://www.usmayors.org/,+1 (202) 293-7330,info@usmayors.org
989,"Shamrock Productions, Inc",http://www.shamrockprod.com/,+1 (952) 431-9630,
990,Professional Beauty Association,http://www.probeauty.org/,+1 (480) 281-0424,info@probeauty.org
991,Bologna Fiere,http://www.bolognafiere.it/en/home,+39 (0)5 12 82 111,bolognafiere@bolognafiere.it
992,DreamHack Inc.,http://company.dreamhack.com/,,sales@dreamhack.com
993,Eastman Gun Shows Inc.,http://www.eastmangunshows.com/,+1 (229) 425-9881,gunshow@windstream.net
994,"L&L Exhibition Management, Inc.",http://www.homeshowcenter.com/,+1 (952) 881-5030,info@homeshowcenter.com
995,NMMA (National Marine Manufacturers Association),http://www.nmma.org/,+1 (312) 946-6220,webmaster@nmma.org
996,SCMA (Southern California Marine Association),http://www.scma.com/,+1 (714) 633-7581,terry@scma.com
997,FUN (Florida United Numismatists Inc.),http://www.funtopics.com/,+1 (407) 321-8747,cwibker@aol.com
998,"EBD Group, Inc.",http://www.ebdgroup.com/,+1 (760) 930 0500,contact@ebdgroup.com
999,GS Media & Events,http://www.gsevents.com/,+1 (941) 780-0538,vilma.fraguada@goodsam.com
1000,O'Loughlin Trade Shows,http://www.otshows.com/,+1 (503) 246-8291,info@otshows.com
1001,Surf Expo,http://www.surfexpo.com/,+1 (678) 781-7900,rturner@surfexpo.com
1002,AIAA (American Institute of Aeronautics and Astronautics),http://www.aiaa.org/,+1 (703) 264-7510,chriss@aiaa.org
1003,"Southeast Productions, Inc.",http://www.ncboatshows.com/,+1 (336) 855-0208,info@ncboatshows.com
1004,Advertising Specialty Institute (ASI),http://www.asicentral.com/,+1 (800) 546 1350,ideas@asicentral.com
1005,Mack Brooks Group,http://www.mackbrooks.com/,+44 (0)1727 814400,info@mackbrooks.co.uk
1006,Mack Brooks Exhibitions Inc.,http://www.mackbrooks.com/,+1 (781) 791 5011,visit@ice-x-usa.com
1007,"JBM & Associates, LLC",http://www.jbmshows.com/,+1 (864)-250-9713,
1008,US Antique Shows,http://www.usantiqueshows.com/,+1 (239) 732-6642,daphne.moss@usantiqueshows.com
1009,Home Show Consultants,http://www.homeshowconsultants.com/,+1 (951) 681-0644,showofficehsc@gmail.com
1010,Consumer Technology Association,http://www.cta.tech/,+1 (866) 858-1555,cta@cta.tech
1011,Professional Show Management,http://www.professionalshowmanagement.com/,+1 (954) 946-6164,info@proshow-inc.com
1012,Continuum Productions,http://www.continuumevents.ca/,+1 (905) 336-1331 Ext. 203,hsweet@continuumevents.ca
1013,WANADA (Washington Area New Automobile Dealers Association),http://www.wanada.org/,+1 (202) 237 7200,info@wanada.org
1014,CBSI (Canadian Boat Shows Inc.),http://www.canadianboatshows.com/,,
1015,Salon de l'agriculture,http://www.salondelagriculture.com/,+1 (450) 771-1226,infosalon@goxpo.ca
1016,CT Marine Trades Assoc.,http://www.ctmarinetrades.org/,+1 (860) 767-2645,
1017,NRF - National Retail Federation,http://www.nrf.com/,+1 (202) 783-7971,webmaster@nrf.com
1018,dmg :: events,http://www.dmgevents.com/,+971 4 438 0355,info@dmgevents.com
1019,dmg :: events energy,http://dmgenergyevents.co.uk/,+1 (403) 209-3552,info@dmgevents.com
1020,A3 (Association for Advancing Automation),http://www.a3automate.org/,+1 (734) 994 6088,info@a3automate.org
1021,"Interior Design Show, MMPI",http://www.interiordesignshow.com/,+1 (416) 599-3222,info@interiordesignshow.com
1022,Show Management,http://www.showmanagement.com/,+1 (954) 764-7642,
1023,"Internacionales de la Moda, S.A. de C.V.",http://www.intermoda.com.mx/en,+52 33 3122 4499,info@intermoda.com.mx
1024,"Renfro Productions & Management, Inc.",http://www.renfroproductions.com/,+1 (765) 641-7712,nfo@renfroproductions.com
1025,Première Vision S.A.,http://www.premierevision.com/,+33 (0)4 7260 6555,hello@premierevision.com
1026,South Dakota Agri-Business Association,http://www.sdaba.org/,+1 (605) 224-2445,info@sdaba.org
1027,GF Events Ltd.,http://gfevents.ca/,,
1028,CCAM (Corporation des Concessionnaires d'Automobiles de Montréal),http://www.ccam.qc.ca/,+1 (514) 331-6571,info@ccam.qc.ca
1029,"NPTA Alliance (Association for the paper, packaging, and supplies distribution channel)",http://www.gonpta.com/,+1 (631) 777 2223,larry@gonpta.com
1030,AF&PA (American Forest & Paper Association),http://www.afandpa.org/,+1 (202) 463-2700,info@afandpa.org
1031,Minnesota Home Shows,http://minnesotahomeshows.com/,+1 (952) 232-1765,contact@minnesotahomeshows.com
1032,Jacksonville Marine Association,http://www.boatjax.com/,+1 (904) 694-2073,jma@boatjax.com
1033,Halloween Costume Association,http://www.halloweencostumeassociation.org/,+1 (856) 380-6847,info@halloweencostumeassociation.org
1034,"William T. Glasgow, Inc.",http://wtglasgow.com/,+1 (708) 226 1300,brian@wtglasgow.com
1035,ASEV (American Society for Enology and Viticulture),http://www.asev.org/,+1 (530) 753-3142,
1036,CAWG (California Association of Winegrape Growers),http://www.cawg.org/,+1 (916) 379-8995,info@cawg.org
1037,HATA (Harrisburg Automotive Trade Association),http://www.hatacars.org/,+1 (717) 910-4090,JDevlin@paa.org
1038,Cleantech Venture Network,http://www.cleantech.com/,+1 (517) 223-9607,Karen@cleantech.com
1039,Inexmoda,http://www.inexmoda.org.co/,+57 4 311 59 15,contactcenter@inexmoda.org.co
1040,NAMM (National Association of Music Merchants),http://www.namm.com/,+1 (760) 438-8001,info@namm.com
1041,SFA (Speciality Food Association),http://www.specialtyfood.com/,+1 (212) 482-6440,
1042,"AVN Media Network, Inc.",http://www.avnmedianetwork.com/,+1 (818) 718.5788,aeeinfo@avn.com
1043,PGA Golf Exhibitions,http://www.pgaexpo.com/,+1 (203) 840 5628,inquiry@pga.reedexpo.com
1044,Zunzun Education Services Ltd,http://www.cubapros.org/,+1 (604) 565 5647,hello@cubaexplorer.com
1045,Couromoda Feiras Comerciais,http://www.couromoda.com/,+55 (11) 3897 6100,couromoda@couromoda.com.br
1046,"EnerCom, Inc",http://www.enercominc.com/,+1 (303) 296 8834,conferences@enercominc.com
1047,Milanez & Milaneze,http://www.milanezmilaneze.com.br/,+55 27 3337-6855,geraldo@vitoriastonefair.com.br
1048,Palm Beach Show Group,http://www.palmbeachshow.com/,+1 (561) 822-5440,info@palmbeachshowgroup.com
1049,PPPC (Pulp and Paper Products Council),http://www.pppc.org/,+1 (514) 861-8823,events@pppc.org
1050,"Southern Shows, Inc.",http://www.southernshows.com/,+1 (704) 376-6594,dzimmerman@southernshows.com
1051,ABIMAD (Brazilian Contemporary Home Furnishings Association),http://www.abimad.com.br/,+55 (11) 5505-1214,abimad@abimad.com.br
1052,NewCom Media Inc.,http://newcom.ca/,+1 (416) 614-2200,tiffany@newcom.ca
1053,Greenband Enterprises,http://www.greenband.com/,+1 (801) 485-7399,showinfo@greenband.com
1054,CGTA (Canadian Gift & Tableware Association),http://www.cangift.org/en,+1 (416) 679-0170,info@cangift.org
1055,CURVExpo,http://www.curvexpo.com/,+1 (203) 698 7470,info@curvexpo.com
1056,Eurovet,http://www.eurovet.fr/,+33 (0)1 47 56 32 32,eurovet@eurovet.fr
1057,Asheville Home Builders Association,http://ashevillehba.com/,+1 (828) 299-7001,info@ashevillehba.com
1058,NAHB (National Association Home Builders),http://www.nahb.com/,+1 (202) 266-8200,info@nahb.com
1059,WRA (World Refining Association),http://www.wraconferences.com/,+44 (0) 1242 529 090,wra@theenergyexchange.co.uk
1060,Rock Creek Renegades,http://www.rockcreekrenegades.com/,+1 (402) 477 6409,amoody1@neb.rr.com
1061,"Midessa Boat, RV, Sport & Gun Show",http://midessaboatshow.net/,+1 (432) 381-3324,jramseynrg@aol.com
1062,Northwest Arkansas Home Builders Association,http://www.nwaparadeofhomes.com/,+1 (479) 751-6688,info@nwabuilders.com
1063,Castle Events LLC,http://newenglandhomeshows.com/,+1 (508) 823-0389,richcastig@comcast.net
1064,The Mart,http://themart.com/,+1 (312).527.4141,propertymanager@themart.com
1065,Lingerie Americas Inc. (France),http://www.lingerie-americas.com/,+33 (0)1 42 96 22 35,info@lingerie-americas.com
1066,NRA - National Rifle Association of America,http://www.nrahq.org/,+1 (800) 672-4868,GAOS@nrahq.org
1067,"3DR Holdings, LLC",http://3drholdings.com/,+1 (212) 389 2000,info@3dpfund.com
1068,"ACICAM (Asociación Colombiana de Industriales del Calzado, el Cuero y sus Manufacturas)",http://acicam.org/,+57 (1) 601 281 6400,acicam@acicam.org
1069,Motorcycle Industry Council,http://www.mic.org/,+1 (949) 727-4211,bfiner@mic.org
1070,SLAS (Society for for Laboratory Automation and Screening),http://www.slas.org/,+1 (630) 256-7527,bsacks@slas.org
1071,Fredericksburg Expo and Conference Center,http://www.fredericksburgexpocenter.com/,+1 (540) 548.5555,events@fred-center.com
1072,Silicon Valley Auto Dealers Association,http://www.svautodealers.com/,+1 (408) 437.7557,ssmith@svautodealers.com
1073,"Catersource Magazine, Conference & Tradeshow",http://www.catersource.com/,+1 (877) 932 3632,info@catersource.com
1074,AAOS (American Academy of Orthopaedic Surgeons),http://www.aaos.org/,+1 (847) 823.7186,meeting@aaos.org
1075,Canadian Concrete Expo,http://canadianconcreteexpo.com/,+1 (226) 363-0550,sue@exposition.com
1076,Expo Management Inc.,http://www.exposition.com/,+1 (416) 927-1376,info@exposition.com
1077,Globe Foundation of Canada,http://www.globe.ca/,+1 (604) 775-7300,info@globe.ca
1078,Marine Trades Association of New Jersey,http://mtanj.org/,+1 (732) 292-1051,info@mtanj.org
1079,Picaflor Sarl,http://www.iloveplaytime.com/,,sebastien@iloveplaytime.com
1080,"International Agri-Center, Inc.",http://www.internationalagricenter.com/,+1 (559) 688-1030,events@farmshow.org
1081,Boating Industry Association of Upstate NY,http://www.cnybia.com/,+1 (315) 447-9286,bia@twcny.rr.com
1082,Crafts America LLC,http://www.craftsamericashows.com/,+1 (203) 254-0486,info@craftsamericashows.com
1083,Triangle Management Services Ltd.,http://www.triangle.eu.com/,+44 (0)1628 642 910,team@triangle.eu.com
1084,Farm Progress,http://marketing.farmprogress.com/,+1 (212) 600-3668,shows@farmprogress.com
1085,Euromedicom,http://www.euromedicom.com/en,+33 (0)1 58 56 74 00,registration@euromedicom.com
1086,EREF (Environmental Research & Education Foundation),http://erefdn.org/,+1 (919) 861-6876,foundation@erefdn.org
1087,Western Veterinary Conference,http://wvc.org/,+1 (702) 739.6698,info@wvc.org
1088,ConFoo,http://confoo.ca/,+1 (888) 392-0909,board@confoo.ca
1089,"Fox Valley Outdoor Enthusiasts, LLC",http://www.rvboatmainevent.com/,+1 (920) 676-7903,info@rvboatmainevent.com
1090,AEMA (Asphalt Emulsion Manufacturers Association),http://www.aema.org/,+1 (410) 267-0023,krissoff@aema.org
1091,Pittsburgh Conference,http://www.pittcon.org/,+1 (412) 825-3220,expo@pittcon.org
1092,Harrisburg RV Show,http://www.parvsupershow.com/,,
1093,ABUP (Associação Brasileira das Empresas de Utilidades e Presentes),http://www.abup.com.br/,+55 11 4010-5200,abup@abup.com.br
1094,Beacon Events Ltd,http://www.beaconevents.com/,+852 2531 6100,info@beaconevents.com
1095,Home Builders Association of Metropolitan Portland,http://www.homeshowpdx.com/,+1 (503) 479-2660,homeandgardenshows@hbapdx.org
1096,"Equestrian Promotions, Inc",http://www.horseworldexpo.com/,+1 (301) 916-0852,info@horseworldexpo.com
1097,Fexpocruz,http://www.fexpocruz.com.bo/,+591 3 353-3535,feria@fexpocruz.com.bo
1098,Anato (Asociación Colombiana de Agencias de Viajes y Turismo),http://www.anato.org/,+57 (1) 6107099,anato@anato.org
1099,Canadian Golfexpo,http://www.canadiangolfexpo.ca/,+1 (﻿866) 626-4262,gchambers@ngcoa.ca
1100,Digital Dentistry Society,http://digital-dentistry.org/,,info@digital-dentistry.org
1101,Internet Society,http://www.isoc.org/,+1 (703) 648-9888,isoc@isoc.org
1102,Bio (Biotechnology Industry Organization),http://www.bio.org/,+1 (202).962.9200,cbeckman@bio.org
1103,"Patronato de AgroBaja, A. C.",http://www.agrobaja.com/,+52 01 686 592-1186,info@agrobaja.com
1104,Emerald City Comicon Corp.,http://www.emeraldcitycomicon.com/,+1 (425).744.2767,info@emeraldcitycomicon.com
1105,"Endeavor Business Media, LLC",http://www.endeavorbusinessmedia.com/,+1 (800) 547-7377,
1106,Vinexposium,http://www.vinexposium.com/,+33 (0)1 76 77 11 11,info@vinexposium.com
1107,Comexposium,http://www.comexposium.com/,+33 (0)1 76 77 11 11,dcom@comexposium.com
1109,MPIF (Metal Powder Industries Federation),http://www.mpif.org/,+1 (609) 452-7700,info@mpif.org
1110,MIC (Ministerio de la Informatica y las Comunicaciones de Cuba),http://www.mic.gov.cu/,,informaticahabana@mic.cu
1111,Cervefest México,http://www.cervefest.com.mx/,+55 6964 5192,ventas@cervefest.com.mx
1112,Babypalooza Inc.,http://www.babypalooza.com/,+1 (205) 440 2229,
1113,"Aeroxchange, Ltd",http://www.aeroxchange.com/aexportal,+1 (972) 556 8500,sales@aeroxchange.com
1114,Expoagro,http://www.expoagro.com.ar/,+54 11 5128-9800/05,igandara@expoagro.com.ar
1115,PDAC (Prospectors and Developers Association of Canada),http://www.pdac.ca/,+1 (416) 362 1969,info@pdac.ca
1116,ACIC Caruaru,http://aciccaruaru.com/,+55 81 3721-2725,marketing@aciccaruaru.com
1117,AMPP (Association for Materials Protection and Performance),http://www.ampp.org/,+1 (281) 228 6200,firstservice@nace.org
1118,EnsembleIQ Canada - Toronto,http://ensembleiq.com/,+1 (877) 687-7321,mcronin@ensembleiq.com
1119,EnsembleIQ Corporate,http://ensembleiq.com/,+1 (773) 992-4450,mcronin@ensembleiq.com
1120,Scrapbook Expo,http://www.scrapbookexpo.com/,+1 (888) 252-3976,info@scrapbookexpo.com
1121,Zak Group,http://zakgroup.com/,+91 44-42959595,info@zakgroup.com
1122,Hannover Fairs México,http://www.hfmexico.mx/en,+52 (55) 7028 3335,info@hfmexico.mx
1123,Deutsche Messe AG Hannover,http://www.messe.de/,+49 (0)511 89 0,info@messe.de
1124,NSTA (National Science Teacher's Association),http://www.nsta.org/,+1 (703) 243-7100,executive@nsta.org
1125,Francal Feiras,http://francalfeiras.com.br/home-ing,+55 (11) 2226-3100,atendimento@francal.com.br
1126,"Expocomer (Cámara de Comercio, Industrias y Agricultura de Panamá)",http://www.expocomer.com/,+507 207-3433,expo@expocomer.com
1127,Outsider Art Fair / Wide Open Arts,http://www.outsiderartfair.com/,+1 (212) 337 3338,info@outsiderartfair.com
1128,Fenac S/A,http://www.fenac.com.br/,+55 51 3587 3366,eventos@fenac.com.br
1129,MHIA (Material Handling Institute of America),http://www.mhia.org/,+1 (800) 345-1815,cmiller@mhia.org
1130,Latin Press Inc.,http://www.latinpressinc.com/en,+1 (305) 285 3133,informatica@latinpressinc.com
1131,Fortem International USA,http://www.fortem-international.com/,+1 (586) 723 7859,inquiries.epllv@fortem-international.com
1132,Fortem International Ltd.,http://www.fortem-international.com/,+44 0117 930 4927,inquiries.epllv@fortem-international.com
1133,HIMSS (Healthcare Information and Management Systems Society),http://www.himss.org/,+1 (312) 664-4467,
1134,SXSW LLC.,http://sxsw.com/,,
1135,BILD (Building Industry & Land Development Association),http://www.bildgta.ca/,+1 (416) 644-5408,homeshows@bildgta.ca
1136,NTEA (Association for the Work Truck Industry),http://www.ntea.com/,+1 (248) 489-7090,info@ntea.com
1137,"MJSA (Manufacturing Jewelers & Suppliers of America, Inc.)",http://www.mjsa.org/,+1 (401) 274-3840,
1138,Oliver Kinross Ltd,http://www.oliver-kinross.com/,+44 (0)203 058 2350,info@oliverkinross.com
1139,Oliver Kinross Asia Pacific,http://www.oliver-kinross.com/,+852 9794 5770,info@oliverkinross.com
1140,ANTAD,http://www.antad.net/,+52 (55) 5580 9900,malvarez@antad.org.mx
1141,Pet  Event Professionals,http://peteventprofessionals.com/,+1 (800) 977-3609,inquiries@peteventpros.com
1142,Alimentaria Exhibitions S.A.,http://www.alimentaria.com/,+34 93 4521800,info@alimentaria.com
1143,Montana department of Commerce,http://commerce.mt.gov/,+1 (406) 841-2700,
1144,Sofex Americas Ltda.,http://www.sofexamericas.com/,+57 1 618 0972,info@sofexamericas.com
1145,SIAL,http://www.sial.fr/,,sial@sial.fr
1146,Cine Gear Expo,http://www.cinegearexpo.com/,+1 (310) 472-0809,info@cinegearexpo.com
1147,Feicap,http://www.feicap.com.br/,+55 3522-2001,feicap@feicap.com.br
1148,Oxford Publishing Inc.,http://www.oxfordpublishinginc.com/,+1 (800) 247-3881,oxfordpublishing@oxpub.com
1149,ANA (American Numismatic Association),http://www.money.org/,+1 (719) 632-2646,ana@money.org
1150,International Pizza Expo,http://www.pizzaexpo.com/,+1 (502) 599-4650,boakley@pizzatoday.com
1151,CEATI International Inc.,http://www.ceati.com/,+1 (514) 866-5377,events@ceati.com
1152,Aqua Media International Ltd,http://www.hydropower-dams.com/,+44 20 8773 7244,sales@hydropower-dams.com
1153,Rethink Events Ltd,http://www.rethinkevents.com/,+44 (0)1273 789912,info@rethinkevents.com
1154,IHS,http://www.ihs.com/,+1 (832) 619-8599,mbspolymer@aol.com
1155,AFUBRA (Associação dos Fumicultores do Brasil),http://en.afubra.com.br/,+55 51 3713-7715,expoagro@afubra.com.br
1156,Informa Markets Brazil,http://www.informamarkets.com/en/regions.html,+55 11 4632 0200,informamarkets@informa.com
1157,Andina Link,http://andinalink.com/,+57 (316) 877-6065,maria@andinalink.com
1158,FESPA (Federation of European Screen Printers Association),http://www.fespa.com/,+44 (0)1737 240788,info@fespa.com
1159,GCADA (Greater Cincinnati Automobile Dealers Association),http://www.gcada.net/,+1 (513) 326-7100,info@gcada.net
1160,Affordable Art Fair,http://www.affordableartfair.com/,+44 (0)20 8246 4848,enquiries@affordableartfair.com
1161,IHA (International Housewares Association),http://www.housewares.org/,+1 (847) 292-4200,jgranda@housewares.org
1162,New Hope Natural Media,http://www.newhope.com/,+1 (303) 939-8440,info@newhope.com
1163,Tradex Exposiciones Internacionales,http://www.tradex.mx/,+52 (55) 5604 4900,info@tradex.com.mx
1164,Vostock Capital,http://vostockcapital.com/,+44 207 394 3090,events@vostockcapital.com
1165,GNYADA (Greater New York Automobile Dealers Association),http://www.gnyada.com/,+1 (718).746.5900,assistance@gnyada.com
1166,Commerce Interact Ltd.,http://www.commerceinteract.com/,+44 (0)20 7193 4823,contact@commerceinteract.com
1167,"Pinnacle Shows, LLC",http://pinnacle-shows.com/,+1 (470) 306-5544,Evan@pinnacle-shows.com
1168,MHI (Manufactured Housing Institute),http://www.mfghome.org/,+1 (703) 558-0400,registration@mfghome.org
1169,LLHA Association,http://www.llha.ca/,+1 (866) 872.2420,info@llha.ca
1170,Oil & gas Council,http://oilandgascouncil.com/,+1 (713) 353 3915,
1171,"PC International, Inc.",http://www.ipc.org/,+1 (847) 615-7100,Contact.Us@ipc.org
1172,"Conventures, Inc.",http://www.conventures.com/,+1 (617) 439 7700,info@conventures.com
1173,BAA (Boston Athletic Association),http://www.baa.org/,,info@baa.org
1174,Terrapinn USA,http://www.terrapinn.com/,+1 (212) 379 6320,enquiry.us@terrapinn.com
1175,Terrapinn Holdings Ltd,http://www.terrapinn.com/,+44 (0)20 7608 7030,enquiry.uk@terrapinn.com
1176,Cal State Enterprises,http://www.calexpo.com/,+1 (559) 322-2211,info@calexpo.com
1177,ARCHITECT @ WORK Headquarters,http://www.architectatwork.com/,+32 (0)56 24 11 59,info@architectatwork.com
1178,Xpo messe kontakt Gmbh,http://www.architectatwork.eu/,+49 (0)221 272 53 375,germany@architectatwork.eu
1179,Fidae,http://www.fidae.cl/,+56 2 8739750,central@fidae.cl
1180,MFV Expositions,http://www.franchiseexposouth.com/,+1 (201) 226-1130,info@mfvexpo.com
1181,ARC (Automation Research Corporation),http://www.arcweb.com/,+1 (781) 461 9100,info@arcweb.com
1182,"ASLMS (American Society for Laser Medicine and Surgery, Inc.).",http://www.aslms.org/,+1 (715) 845-9283,information@aslms.org
1183,Annapolis Boat Shows,http://www.annapolisboatshows.com/,+1 (410) 268 8828,info@annapolisboatshows.com
1184,Pintastic LLC,http://www.pintasticnewengland.com/,+1 (774) 278-3541,david@pintasticne.com
1185,National Indian Gaming Association,http://indiangaming.org/,+1 (202) 546.7711,questions@indiangaming.org
1186,3A Producciones,http://www.3aproducciones.com/,,info@3aproducciones.com
1187,Grace McNamara Inc.,http://www.wf-vision.com/,+1 (651) 293-1544,info@wf-vision.com
1188,Seatrade Cruise Events,http://www.seatradecruiseevents.com/,+44 1206 545121,A.Williams@informa.com
1189,SAE (Society of Automotive Engineers),http://www.sae.org/,+1 (724) 776 4841,customerservice@sae.org
1190,Italian Exhibition Group SpA,http://www.iegexpo.it/en,+39 0541 744111,info@iegexpo.it
1191,Bellavita Expo Ltd,http://www.bellavita.com/,+44 (0) 20 3002 0506,info@quirismedia.com
1192,Abióptica (Associação Brasileira da Indústria Óptica),http://www.abiotica.com.br/,+55 (11) 3045-2090,abioptica@abioptica.com.br
1193,Aranda Eventos e Congressos,http://www.arandanet.com.br/,+55 (11) 3824-5300,fsf@arandanet.com.br
1194,NAB (National Association of Broadcasters),http://www.nab.org/,+1 (202) 429-5300,nab@nab.org
1195,WF-VISION  |  IWCE,http://www.wf-vision.com/,+1 (651) 330-0574,info@wf-vision.com
1196,ISA (International Sign Association),http://www.signexpo.org/,+1 (703) 836 4012,info@signs.org
1197,Halldale Group,http://www.halldale.com/,+1 (407) 322 5605,info@halldale.com
1198,Pop Con LLC,http://www.indypopcon.com/,+1 (866) 544-4007,info@indypopcon.com
1199,Ascential plc,http://www.ascential.com/,+44 (0)207 516 5000,contact@ascential.com
1200,Hyve Group Plc,http://www.hyve.group/,+44 20 3545 9400,info@hyve.group
1201,SVEM (Salon du véhicule électrique de Montréal),http://svem.ca/,+1 (450) 818 5373,info@svem.ca
1202,CASALCO (Cámara Salvadoreña de la Industria de la Construción),http://www.casalco.org.sv/,+503 2510-1200,mercadeoynegocios@casalco.org.sv
1203,Fenasoja,http://www.fenasoja.com.br/,+55 3512-6866,fin@fenasoja.com.br
1204,Envase Brasil,http://www.envasebrasil.com.br/,+55 (54) 3452-9135,
1205,InfoAgro,http://infoagroexhibition.com/en,+34 902 300103,exhibition@infoagro.com
1206,CAPA - Centre for Aviation,http://www.centreforaviation.com/,+61 2 9241 3200,events@centreforaviation.com
1207,ITS America,http://www.itsa.org/,+1 (800) 374-8472.,info@itsa.org
1208,"DMG Events, Ltd",http://www.dmgevents.com/,+44 1737 855162,jessicasn@dmgeventsme.com
1209,Newcom Média Québec inc.,http://www.newcom.ca/,+1 (514) 938-0639,joanw@newcom.ca
1210,Newcom Business Media Inc.,http://www.newcom.ca/,+1 (416) 614-2200,joanw@newcom.ca
1211,Abimaq,http://www.abimaq.org.br/,+55 (11) 5582 6311,dir@abimaq.org.br
1212,Art Market Productions,http://artmarketproductions.com/,+1 (212) 518 6912,info@amp.events
1213,Rapid News Group,http://www.rapidnews.com/,+44 1244 680222,jenna@rapidnews.com
1214,APAS (Associação Paulista de Supermercados),http://feiraapas.com.br/?lang=en,+55 (11) 3647-5000,relacionamento@apas.com.br
1215,Baking Association of Canada,http://www.baking.ca/,+1 (905) 405 0288,mbarnett@baking.ca
1216,CanNorth Shows Inc.,http://www.cannorthshows.com/,+1 (855) 723-1156,info@cannorthshows.com
1217,Promovisão,http://www.promovisao.com.br/,+55 (11) 3087-5050,contato@promovisao.com.br
1218,"NBAA (National Business Aircraft Association, Inc)",http://www.nbaa.org/,+1 (202) 783-9000,info@nbaa.org
1219,NYSCC (New York Society of Cosmetic Chemists),http://www.nyscc.org/,,
1220,Fapcen (Fundação de Apoio à Pesquisa do Corredor de Exportação Norte),http://fapcen.org.br/,+55 (99) 3541-4404,ascom@fapcen.org.br
1221,Rondônia Rural Show Internacional,http://www.rondoniaruralshow.ro.gov.br/,+55 (69) 3212-8811,edson.ferreira@seagri.ro.gov.br
1222,Parks Associates,http://www.parksassociates.com/,+1 (972) 490.1113,info@parksassociates.com
1223,AEE (Association of Energy Engineers),http://www.aeecenter.org/,+1 (770) 447-5083,info@aeecenter.org
1224,AES (Audio Engineering Society Inc.),http://www.aes.org/,+1 (212) 661-8528,
1225,WantedDesign,http://www.wanteddesignnyc.com/,,info@wanteddesignnyc.com
1226,ANPIC A.C.,http://www.anpic.com/,+52 (477) 710 7200,anpic@anpic.com
1227,VOLTA Production Office,http://www.voltashow.com/,,info@voltashow.com
1228,Koelnmesse Organização de Feiras Ltda.,http://www.koelnmesse.de/,,info@koelnkongress.de
1229,Trade Show Factory,http://www.tsfactory.com.mx/,+52.81.8333.4400,informes@tsfactory.com.mx
1230,The Canadian Tulip Legacy,http://tulipfestival.ca/,+1 (800) 668-8547,info@tulipfestival.ca
1231,TEFAF New York,http://www.tefaf.com/,+1 212 370 2501,info@tefafny.com
1232,European Fine Art Foundation,http://www.tefaf.com/,+31 411 64 50 90,info@tefaf.com
1233,CHI (Division of Cambridge Innovation Institute),http://www.pegsummit.com/,+1 (781) 972-5400,chi@healthtech.com
1234,Cambridge Innovation Institute,http://www.cambridgeinnovationinstitute.com/,+1 (781) 972.5400,cii@cambridgeinnovationinstitute.com
1235,SIAL Canada & SET Canada,http://www.sialcanada.com/,+1 (514) 289-9669,info@sialcanada.com
1236,TG Expo International Fairs,http://www.tgexpo.com/en,+90 216 338 45 25,info@tgexpo.com
1237,Ontario Waterpower Association,http://www.owa.ca/,+1 (866) 743-1500,info@owa.ca
1238,PMA (Precision Metalforming Association),http://www.metalforming.com/,+1 (216) 901-8800,pma@pma.org
1239,Plastics Industry Association,http://www.plasticsindustry.org/,+1 (202) 974.5235,npe@plasticsindustry.org
1240,"SID,  Inc. (Society for Information Display)",http://www.sid.org/,+1 (408) 977-1013,office@sid.org
1241,The Expo Hut Inc.,http://expohut.ca/,+1 (905) 232.6331,info@expohut.ca
1242,"CIM (Canadian Institute of Mining, Metallurgy and Petroleum)",http://www.cim.org/,+1 (514) 939-2710,cim@cim.org
1243,NCA (National Confectioners Association),http://www.candyusa.com/,+1 (202) 534-1440,info@candyusa.com
1244,Quartz Business Media,http://quartzltd.com/,+44 (0)1737 855 000,info@quartzltd.com
1245,Infopro Digital,http://www.infopro-digital.com/?lang=en,+33 (0)1 77 92 92 92,splatel@infoprodigital.com
1246,WBR (Worldwide Business Research),http://www.wbresearch.com/,+44 (0)207 368 9465,pives@wbr.co.uk
1247,Midwest Antiquarian Booksellers Association,http://www.mwaba.com/,,info@mwaba.com
1248,ASCO (American Society of Clinical Oncology),http://www.asco.org/,+1 (888) 282-2552,customerservice@asco.org
1249,"Beverage Media Group, Inc.",http://fr.linkedin.com/company/beverage-media,+1 (855) 481 1112,sid@usatradetasting.com
1250,Event Industry Expo,http://www.eventindustryexpo.com/,+1 (800) 506-1540,support@eventindustryexpo.com
1251,"Eagle Eye Expositions, LLC",http://www.eagleeyeexpos.com/,+1 (203) 822-7960,Pmackler@eagleeyeexpos.com
1252,Conférium,http://www.conferium.com/,+1 (418) 522-8182,conference@conferium.com
1253,The eWorld Team S.L.,http://www.the-eworld.com/,+34 93 309 49 41,hello@the-eworld.com
1254,INTA (International Trademark Association),http://www.inta.org/,+1 (212) 642-1700,memberoperations@inta.org
1255,Via Àpia Eventos,http://viaapiaeventos.com.br/,+55 (47) 3336-3314,contato@viaapiaeventos.com.br
1256,National Restaurant Association,http://www.restaurant.org/,+1 (202) 331-5900,info@dineout.org
1257,"JOGS International Exhibits, LLC",http://jogsshow.com/,+1  (213) 629-3030,info@jogsshow.com
1258,Mundo Textil,http://www.mundotextilmag.com.ar/,+54-11-4862-8485,coordinacionmt@fibertel.com.ar
1259,Mondial de la Bière,http://festivalmondialbiere.qc.ca/,+1 (514) 722-9640,mbiere@globetrotter.net
1260,Racine Arts Council,http://www.racineartscouncil.org/,+1 (262) 635-0261,info@racineartscouncil.org
1261,ATD - Association for Talent Developemnt,http://www.astd.org/,+1 (703) 683.8100,
1262,ESA (Entertainment Software Association),http://www.theesa.com/,,esa@theesa.com
1263,Expotrade Argentina,http://www.expotrade.com.ar/,+54 (11) 4779-5300,info@expotrade.com.ar
1264,AIA (Asociación de Industriales de Antofagasta),http://www.aia.cl/,+56 55 2454300,exponor@aia.cl
1265,Reconnaissance International,http://www.reconnaissance-intl.com/,+44 (0)1932 785 680,events@recon-intl.com
1266,Premiere Show Group,http://www.premiereshows.com/,+1 (407) 265-3131,ed@premiereshows.com
1267,CSAA (Central Station Alarm Association International),http://csaaintl.org/,+1 (703) 242-4670,techadmin@csaaintl.org
1268,ESA (Electronic Security Association),http://www.esaweb.org/,+1 (972) 807-6800,
1269,Publitec,http://www.publitec.com.ar/,+54 (11) 4903-9600,info@publitec.com.ar
1270,AIA (American Institute of Architects),http://www.aia.org/,+1 (202) 626-7300,BoardofDirectors@aia.org
1271,CAIP (Cámara Argentina de la Industria Plástica),http://www.caip.org.ar/,+54 (11) 4821-9603,caip@caip.org.ar
1272,"KJ Expositions, Inc.",http://www.inats.com/,+1 (303) 368-0060,Kjexpo@aol.com
1273,AVIXA (Audiovisual and Integrated Experience Association),http://www.avixa.org/,+1 (703) 273-7200,membership@avixa.org
1274,IQPC New York,http://www.iqpc.com/,+1 (212) 885 2700,enquiry@iqpc.com
1275,PMMI Latin America Office,http://www.pmmi.org/,+52 (55) 5545-4254,latina@pmmi.org
1276,Northstar Travel Media LLC.,http://www.northstartravelgroup.com/,+1 (201) 902-2000,
1277,"MP Associates, Inc.",http://www.mpassociates.com/,+1 (303) 530-4562,kevin@mpassociates.com
1278,EventWorx Corporation,http://www.eventworxcorporation.com/,+1 (403) 971-3227,marketing@eventworx.ca
1279,CBAA (Canadian Business Aviation Association),http://www.cbaa.ca/,+1 (613) 236-5611,info@cbaa.ca
1280,Grupo Trade Show,http://www.ts.com.mx/,+52 55 5077-4742,ventas@ts.com.mx
1281,"FIME (International Medical Exposition, Inc).",http://www.fimeshow.com/,+1 (941) 366-2554,Fime@informa.com
1282,Informa Life Sciences Exhibitions,http://informalifesciences.com/en,+971 4.3365161,info@lifesciences-exhibitions.com
1283,AWMA (Air & Waste Management Association),http://www.awma.org/,+1 (412) 232-3444,info@awma.org
1284,"InterTech Americas, Corp.",http://www.latampaper.com/,+1 (813) 940 6989,admin@latampaper.com
1285,SIA (SnowSports Industries America),http://www.snowsports.org/,+1 (435) 657-5140,info@snowsports.org
1286,Vision Star Entertainment Inc,http://www.europaexpo.com/,,BettyPariso@aol.com
1287,ABF (Associação Brasileira de Franchising),http://www.abf.com.br/,+55 (11) 3020-8800,internacional@abf.com.br
1288,Media Edge Communications Inc.,http://www.mediaedge.ca/,+1 (416) 512-8186,info@mediaedge.ca
1289,NSTI (Nano Science and Technology Institute),http://www.nsti.org/,+1 (925) 353-5004,mlaudon@nsti.org
1290,IAHE (International Association for Hydrogen Energy),http://www.iahe.org/,,info@iahe.org
1291,EFCA (Exposiciones y Ferias de la Construcción Argentina),http://www.batev.com.ar/,+54 (11) 4343-7020,info@batev.com.ar
1292,Real District,http://www.realdistrict.ca/,+1 (306) 781-9200,communications@real1884.ca
1293,Caroline County Agricultural Fair Association,http://www.carolinefair.com/,+1 (804) 466-1507,
1294,Landesmesse Stuttgart GmbH,http://www.messe-stuttgart.de/en,+49 711 18560-0,info@messe-stuttgart.de
1295,Westmoreland Arts & Heritage,http://www.artsandheritage.com/,+1 (724) 834 7474,info@artsandheritage.com
1296,Semi North America,http://www.semi.org/,+1 (408) 943 6900,semiexpositions@semi.org
1297,Ludington Area Center for the Arts,http://www.ludingtonartscouncil.org/,+1 231 845 2787,info@ludingtonartscenter.org
1298,WoodenBoat Show,http://www.woodenboat.com/,+1 (207) 359 4651,woodenboat@woodenboat.com
1299,On Time Media LLC,http://www.ontimemedia.com/,+1 (859) 746-6210,
1300,Kutztown Folk Festival,http://www.kutztownfestival.com/,+1 (888) 674 6136,
1301,Cedar City Rotary Club,http://www.cedarcityrotaryclub.com/p/contact-us.html,+1 (435) 267-2145,cedarcityrotaryclub@gmail.com
1302,SPJA (Society for the Promotion of Japanese Animation),http://www.spja.org/,+1 (714)  937-2994,info@spja.org
1303,National Cherry Festival,http://www.cherryfestival.org/,+1 (231) 947-4230,info@cherryfestival.org
1304,Anime Midwest,http://www.animemidwest.com/,,
1305,Toronto Outdoor Art Exhibition,http://www.torontooutdoorart.org/,+1 (416) 408-2754,events@torontooutdoorart.org
1306,Muskegon Lakeshore chamber of commerce,http://www.muskegon.org/,+1 (231) 722-3751,mlcc@muskegon.org
1307,Weld County Colorado,http://www.co.weld.co.us/,+1 (970) 304 6535,jmasarie@weldgov.com
1308,MAIA (Martial Arts Industry Association),http://www.masuccess.com/,+1 (866) 626-6226,info@masuccess.com
1309,Cedar Creek Veterans Foundation,http://tocclairshow.com/ccvf.html,+1 (903) 451-3291,info@ccveteransfoundation.org
1310,La Maison du Festival,http://www.montrealjazzfest.com/en-CA,+ 1 (514) 492-1775,commentaires_jazz@equipespectra.ca
1311,Weatherford Chamber of Commerce,http://www.weatherford-chamber.com/,+1 (817) 596-3801,info@weatherford-chamber.com
1312,Well Link Consultants Ltd,http://www.spinexpo.com/,+852 2824 8581,info@spinexpo.com
1313,Central Pennsylvania Festival of the Arts,http://www.arts-festival.com/,+1 (814) 237 3682,
1314,Lakeland Boat Show,http://www.lakelandboatshow.com/,+1 (727) 894-3644,info@lakelandboatshow.com
1315,Medical Insight,http://www.miinews.com/,+1 (949) 830-5409,info@miinews.com
1316,Messe Frankfurt Mexico,http://www.messefrankfurt.com.mx/,+52 (55) 5545-4488 ext 102,info@mexico.messefrankfurt.com
1317,Circle of Janus Inc.,http://www.circleofjanus.org/,+1 (317) 694-6811,info@inconjunction.org
1318,ASA (American Sportfishing Association),http://www.asafishing.org/,+1 (703) 519.9691,info@asafishing.org
1319,Barr Enterprises,http://www.barrconferences.com/,+1 (301) 668-6001,janet@barrconferences.com
1320,Brookings Summer Arts Festival Committee,http://www.bsaf.com/,+1 (605) 692-787,generalinfo@bsaf.com
1321,"Latin Expo Group, LLC",http://www.latinexpogroup.com/,+1 (786) 293 5186,info@latinexpogroup.com
1322,Digital Signage Expo,http://digitalsignageexpo.net/,+1 (770) 649 0300,info@digitalsignageexpo.net
1323,Auction Comercial Promotora Ltda.,http://www.fipan.com.br/,+55 (11) 3105-6766,fipan@fipan.com.br
1324,Sampapão (Sindicato e Associação dos Industriais de Panificação e Confeitaria de São Paulo),http://www.sindipan.org.br/,+55 (11) 3291-3700,contato@sindipan.org.br
1325,TRA (Texas Restaurant Association),http://www.txrestaurant.org/,+1 (512) 457-4100,membership@tramail.org
1326,AACC (American Association for Clinical Chemistry),http://www.aacc.org/,+1 (800) 892-1400,custserv@aacc.org
1327,Burning Man Project,http://burningman.org/,,
1328,IFPA (International Fresh Produce Association),http://www.freshproduce.com/,+1 (202) 303-3400,memberservices@freshproduce.com
1329,ACM Siggraph,http://www.siggraph.org/,+1 (212) 626-0500,acmhelp@acm.org
1330,IFT (Institute of Food Technologists),http://www.ift.org/,+1 (312) 782-8424,info@ift.org
1331,Ohio Expo Center & State Fair,http://www.ohiostatefair.com/,+1 (614) 644-3247,info@expo.state.oh.us
1332,Iola Old Car Show Inc,http://www.iolaoldcarshow.com/,+1 (715) 445-4000,Information@iolaoldcarshow.com
1333,ISN,http://www.isnweb.com/,+1 (800) 603-4389,
1334,Penton Media Conferences and Exhibitions,http://www.penton.com/,+1 (216) 696-7000,corpcomm@penton.com
1335,Seafair,http://www.seafair.com/,+1 (206) 728 0123,info@seafair.com
1336,ACGA (Association of Clay & Glass Artist of California),http://www.acga.net/,+1 (925) 254-8457,jan_schachter@sbcglobal.net
1337,IFAA (International Folk Art Alliance),http://www.folkartalliance.org/,+1 (505) 992-7600,askus@folkartalliance.org
1338,Renaissance Craftables,http://www.renaissancecraftables.com/,+1 (215) 843-4462,
1339,CCPIA (China Crop Protection Industry Association),http://www.ccpia.com.cn/en,+86 010 84885255,ccpia@126.com
1340,Guilford Art Center,http://www.guilfordartcenter.org/,+1 (203) 453-5947,
1341,Milestone Presentations LLC,http://www.milestoneshows.com/,+1 (303) 690-3233,info@milestoneshows.com
1342,Life Promotions Inc.,http://www.lifepromotions.org/,+1 (920) 738-5588,info@lifepromotions.com
1343,ANDAV (Associação Nacional dos Distribuidores de Insumo Agrícolas e Veterinários),http://www.andav.com.br/,+55 (19) 3203.9884,comunicacao@andav.com.br
1344,Veronafiere,http://www.veronafiere.it/,+39 045 8298111,info@veronafiere.it
1345,Vancouver Wine & Jazz Festival,http://www.vancouverwinejazz.com/,+1 (360) 906-0441,info@vancouverwinejazz.com
1346,Real Alliance,http://real-alliance.com.br/,+55 11 5095 0096,info@bmcomm.com.br
1347,IDEAg Group LLC,http://www.ideaggroup.com/,+1 (800) 827-8007,IDEAg@ideaggroup.com
1348,AFAMJAL (Asociación De Fabricantes De Muebles De Jalisco AC),http://afamjal.com.mx/,+52 33 3343 3400,tecnomueble@afamjal.com.mx
1349,Black Hat,http://www.blackhat.com/,+1 (866) 203 8081,blackhatregistration@informa.com
1350,FedeFruta (Federación Gremial Nacional de Productores de Frutas de Chile),http://www.fedefruta.cl/,+56 (2) 585 45 00,info@fedefruta.cl
1351,Conseil des métiers d'art de Québec,http://www.metiersdart.ca/,+1 (514) 861-2787,info@metiersdart.ca
1352,ABAG (Associação Brasileira de Aviação Geral),http://www.abag.org.br/,+55 (11) 5032-2727,abag@abag.org.br
1353,RISI,http://www.risiinfo.com/,+1 (781) 734.8900,events@risi.com
1354,Solar Promotion GmbH,http://www.intersolar.de/,+49 (0)7231-58598-0,info@intersolar.de
1355,Grupo ArtSim Administrador de Eventos Ltda.,http://www.feiplar.com.br/,+55 11 2899-6381,consultoria@artsim.com.br
1356,ATMA (American Textile Machinery Association),http://www.atmanet.org/,+1 (703) 538-1789,info@atmanet.org
1357,APIPLAST (Asociación Peruana de la Industria del Plástico),http://apiplastperu.com/,+51 952 246 987,apiplast@apiplastperu.com
1358,G -Trade Group,http://www.grafinca.com/,+51 242-4646 / 447-7379,info@perugrafico.com
1359,Festival mode et design de Montréal,http://www.sensationmode.com/,+1 (514) 876-1499,info@sensationmode.com
1360,ICO (International Council of Ophtalmology),http://www.icoph.org/,,info@icoph.org
1361,MEACO (Middle East African Council of Ophthalmology),http://www.meaco.org/,+966 1 466 1085,info@meaco.org
1362,Administradora Dinamica de Negocios,http://www.a-d-n.com.mx/,+52 91-38-29-31,ventas@a-d-n.com.mx
1363,Cintel,http://www.cintel.org.co/,+57 1 6404410,cgamboa@cintel.org.co
1364,Adex,http://www.adexperu.org.pe/,+51 (1) 618-3333,expoalimentaria@adexperu.org.pe
1365,Instituto de Ingenieros de Minas del Perú,http://www.iimp.org.pe/,+51 1 349-0449,postmast@iimp.org.pe
1366,Festival International de la Poésie,http://www.fiptr.com/,+1 (819) 379-9813,mbaribeau@fiptr.com
1367,NAIAS (North American International Auto Show),http://www.naias.com/,+1 (248) 643.0250,
1368,Hannover Fairs USA,http://www.hfusa.com/,+1 (773) 796-4250,iana@hfusa.com
1369,Fredericton Exhibition Ltd.,http://www.frex.ca/,+1 (506) 458-8819,info@nbex.ca
1370,John Bailey & Associates,http://www.baileypr.com/,+1 (248) 362-4200,naias-media@baileypr.com
1371,Creo,http://creoarts.com/,+44 207 886 3077,info@creoarts.com
1372,Grupo um Editora,http://www.boatshow.com.br/,+55 (11) 2186-1000,info@boatshow.com.br
1373,Promex,http://www.promex.com.mx/,+52 81 83 69 68 36,promex@infosel.net.mx
1374,Reuters Events,http://reutersevents.com/,+44 (0) 207 513 8995,clientservices@reutersevents.com
1375,ACOTAPH (Asociación Colombiana de Profesionales en Atención Prehospitalaria),http://www.acotaph.org/,+57 3102636678,acotaphdc@gmail.com
1376,EMS world,http://www.emsworld.com/,+1 (920) 563-1759,Scott@emsworld.com
1377,CEDIA (Custom Electronic Design & Installation Association),http://www.cedia.net/,+1 (317) 328-4336,
1378,AMT (Association For Manufacturing Technology),http://www.amtonline.org/,+1 (800) 524-0475,AMT@amtonline.org
1379,Beauty Fair - Office,http://www.beautyfair.com.br/,+55 (11) 3373-4633,
1380,Duncan McIntosh Co. Inc.,http://www.duncanmcintoshco.com/,+1 (949) 660-6150,
1381,HPP Worldwide,http://www.hppexhibitions.com/,+31 20 - 662 2482,info@hpp.nl
1382,In-Water Power Boat Show,http://acinwaterboatshow.com/,+1 (215) 732-8001,
1383,AMDEE (Asociación Mexicana de Energía Eólica),http://www.amdee.org/,+52 55 5395-9559,DanielaM@amdee.org
1384,GWEC (Global Wind Energy Council),http://www.gwec.net/,+32 2213 1897,info@gwec.net
1385,Grupo Digamma,http://www.digammaperu.com/,+51 1 628 6300,info@expominaperu.com
1386,Tarsus Expositions Inc.,http://www.tarsus.com/,+1 (262) 782-1900,lhansen@tarsusgroup.com
1387,Ralcoh (Ralcoh Agência de Comunicação),http://www.ralcoh.com.br/,+55 (11) 3257-4741,dayan@ralcoh.com.br
1388,"IBP (Instituto Brasileiro de Petróleo, Gás e Biocombustíveis)",http://www.ibp.org.br/,+55 (21) 2112-9000,riooil@ibp.org.br
1389,National Mining Association,http://www.nma.org/,+1 (202) 463-2611,rmaddalena@nma.org
1390,"Kallman Worldwide, Inc.",http://www.kallman.com/,+1 (201) 251-2600,info@kallman.com
1391,Mark Allen Group,http://www.markallengroup.com/,+44 (0)20 7738-5454,mabconferences@markallengroup.com
1392,IMPC (International Mineral Processing Council),http://impc-council.com/,+27 (0)21 650 2752,meg.winter@uct.ac.za
1393,"dmg :: events Middle East, Asia & Africa",http://www.dmgeventsme.com/,+971 4 438 0355,dmgdubai@dmgeventsme.com
1394,"Northstar Travel Media, LLC.",http://www.northstarmeetingsgroup.com/,+1 (310) 954-2525,ledelstein@ntmllc.com
1395,Hemming Group,http://www.hgluk.com/,+44 (0)20 7973 6400,info@hgluk.com
1396,Mercoferias Srl,http://www.expomedical.com.ar/,+54 11-4791-8001,info@expomedical.com.ar
1397,"Schneider Publishing Company, Inc",http://www.schneiderpublishing.com/,+1 (310) 577-3700,info@schneiderpublishing.com
1398,UKIP Media & Events Ltd.,http://www.ukimediaevents.com/,+44 1306 743744,info@ukimediaevents.com
1399,HPP Ecuador Cia. Ltda.,http://www.hppexhibitions.com/,+593-2-2270636,info@hppecuador.com
1400,Pro Andes,http://www.proandes.net/,+56 2 342 42 67,info@expoandes.net
1401,Associação Rural de Lages,http://www.lagesrural.com.br/,+55 (49) 3223 1892,sindicatorural@lagesrural.com.br
1402,Plastic Concept S.A.C.,http://www.expotextilperu.com/,+51 (1) 714 9558,info@expotextilperu.com
1403,Hannover Fairs do Brasil,http://www.hanover.com.br/,+55 (41) 30276707,hmcwb@hanover.com.br
1404,The Fancy Tipple,http://thefancytipple.com/,+44 7440 687349,info@thefancytipple.com
1405,SindusVinho (Sindicato da Indústria do Vinho de São Roque),http://www.sindusvinho.com.br/,+55 (11) 4712-3231,sindusvinho.sr@uol.com.br
1406,"AQAVBS (Association Québecoise des Agences de Vins, Bières et Spiritueux)",http://www.aqavbs.com/,+1 (514) 722-4510,information@aqavbs.com
1407,Osney Media,http://www.osneymedia.co.uk/,+44 (0) 20 7336 4600,info@osneymedia.co.uk
1408,Prometheus Global Media,http://www.filmexpos.com/,+1 (212) 493-4097,robert.sunshine@filmexpos.com
1409,Canadian Ski Council - Conseil Canadien du Ski,http://www.skicanada.org/,+1 (905) 856-4754,help@skicanada.org
1410,International Titanium Association,http://www.titanium.org/,+1 (303) 404-2221,conference@titanium.org
1411,Amartze Events LLC,http://bigboystoysvegas.com/,+1 (424) 253 0773,info@bigboystoysvegas.com
1412,Artaaj Exhibitions,http://www.artaaj.com/,+971 4 321 4747,info@artaaj.com
1413,Artaaj Events Pvt Ltd,http://www.artaaj.com/,+91 80 500 40 777,info@artaaj.com
1414,WEF (Water Environment Federation),http://www.wef.org/,+1 (703) 684-2452,confinfo@wef.org
1415,RPM Brasil,http://www.rpmbrasil.com.br/,+55 (11) 3051-3159,rpmbrasil@rpmbrasil.com.br
1416,PromPerú (Comisión de Promoción del Perú para la Exportación y el Turismo),http://www.promperu.gob.pe/,+51 616-7300,postmaster@promperu.gob.pe
1417,CTIA - The Wireless Association,http://www.ctia.org/,+1 (202) 785-0081,
1418,APEX (Airline Passenger Experience Association),http://www.apex.aero/,+1 (212) 297-2177,info@apex.aero
1419,AWS (American Welding Society),http://www.amweld.org/,+1 (800) 443-9353,info@aws.org
1420,"FMA (Fabricators & Manufacturers Association, International)",http://www.fmanet.org/,+1 (815) 399-8700,info@fmanet.org
1421,WTWH Media LLC,http://www.wtwhmedia.com/,+1 (888) 543-2447,info@wtwhmedia.com
1422,"Robotics Trends, Inc.",http://www.roboticstrends.com/,+1 (508) 663-1500,info@roboticstrends.com
1423,Hospitalmed,http://www.hospitalmed.com.br/,+55 (81) 3049-2549,contato@hospitalmed.com.br
1424,Advamed,http://advamed.org/,+1 (202).434.1372,register@medtechconference.org
1425,"ANTAD (Asociación Nacional de Tiendas de Autoservicio y Departamentales, A.C.)",http://antad.net/,+52 55 5580 9900,
1426,ABEEólica (Associação Brasileira de Energia Eólica e Novas Tecnologias),http://abeeolica.org.br/,+55 (11) 3674-1100,faleconosco@abeeolica.org.br
1427,Sellers Expositions,http://www.sellersusa.com/,+1 (800) 558 8767,info@sellersusa.com
1428,Intermet,http://www.intermetperu.com/,+51 987975959,metalurgia@intermetperu.com
1429,IDFA (International Dairy Foods Association),http://www.idfa.org/,+1 (202) 737-4332,kmadison@ntpshow.com
1430,Réseau Environnement,http://www.reseau-environnement.com/,+1 (514) 270-7110,info@reseau-environnement.com
1431,"PSMJ Resources, Inc.",http://www.psmj.com/,+1 (617) 965-0055,info@psmj.com
1432,CMT (Centre for Management Technology),http://www.cmtevents.com/,+65 6345 7322 / 6346 9132,sasha@cmtsp.com.sg
1433,USGBC (U.S. Green Building Council),http://www.usgbc.org/,,support@register.greenbuildexpo.org
1434,Revista Ferroviaria,http://www.revistaferroviaria.com.br/,+55 11 3059-6063,eventos@revistaferroviaria.com.br
1435,"ANIDIGRAF (Asociación Nacional de Industriales y Distribuidores para la Industria Gráfica, A.C.)",http://www.anidigraf.com.mx/,+52 (55) 5536 2533,info@expografica.com
1436,Aéro Montréal,http://www.aeromontreal.ca/home.html,+1 (514) 987-9330,info@aeromontreal.ca
1437,Creative Events Brazil,http://creativeeventsbrazil.com/en-gb,+55 11 94477 1424,info@creativeeventsbrazil.com
1438,Clarion Events Brazil,http://www.clarionevents.com/,+55 11 3893-1307,vivian.lima@clarionevents.com
1439,Toy Industry Association inc.,http://www.toyassociation.org/,+1 (212) 675 1141,info@toyassociation.org
1440,Servicios Forestales y de Exposiciones,http://www.expocorma.cl/,+56 (2) 688 7978,expocorma@expocorma.cl
1441,ASME (American Society of Mechanical Engineers),http://www.asme.org/,+1 (212) 705-7740,langleyk@asme.org
1442,Ibram (Instituto Brasileiro de Mineração),http://www.ibram.org.br/,+55 (61) 226-9367,ibram@ibram.org.br
1443,ICA (International Cartographic Association),http://www.icaci.org/,,william.cartwright@rmit.edu.au
1444,Graphics Canada Organization,http://www.graphicscanada.com/,+1 (416) 385-2030,danmustata@graphicscanada.com
1445,Nascimento Feiras e Eventos Ltda,http://www.nascimentofeiras.com.br/,+55 11 2338 8688,info@nascimentofeiras.com.br
1446,Famex Organization,http://www.f-airmexico.com.mx/en,+52 (55) 7098 5299,comercial@f-airmexico.com.mx
1447,Aprhorosa,http://www.hortigranjeiros.com.br/,+55 99977-5130,contato@hortigranjeiros.com.br
1448,Messe Frankfurt Feiras,http://www.expoprint.com.br/,+55 11-4688-6000,info@messefrankfurtfeiras.com.br
1449,Guazzelli Messe Frankfurt,http://www.guazzelli.com.br/,+55 (11) 4688 6000,guafair@guazzelli.com.br
1450,BEMA (Baking Industry Suppliers Association),http://www.bema.org/,+1 (913) 338-1300,info@bema.org
1451,MOVERGS (Associação das Indústrias de Móveis do Estado do Rio Grande do Sul),http://www.movergs.com.br/,+55 (54) 2102-2450,movergs@movergs.com.br
1452,Asopartes,http://www.asopartes.com/,+57 (1) 3150506 /11/14,presidente@asopartes.com
2169,Groupe Altice Media,http://www.expressroulartaservices.fr/,+33 (0)1 75 55 10 00,vsalomon@er-services.fr
2170,REECO Austria GmbH,http://www.reeco.eu/index.php?id=3&L=4,+43 (0)662 8226-35,
2171,Filière Peinture Anticorrosion - OHGPI,http://www.filiere-peinture-anticorrosion.fr/,+33 (0)1 58 05 07 57,info@filiere-peinture-anticorrosion.fr
2172,Salon Expo Belgique,http://www.saloncheval.com/,+32 06 38 43 64 45,salonexpobruno@gmail.com
2173,Grupo Eventos,http://www.eventosmotor.com/,+34 986 44 16 70,info@eventosmotor.com
2174,Numismata  International,http://www.numismata.de/,+49 (0) 89 26 83 59,info@numismata.de
2175,Kisaco Research,http://www.kisacoresearch.com/,+44 (0)20 3696 2922,events@kisacoresearch.com
2176,Fondation de la Haute Horlogerie,http://www.hautehorlogerie.org/,+41 (0)22 307 09 90,info@hautehorlogerie.org
2177,Ocean Media Group Ltd.,http://www.oceanmedia.co.uk/,+44 (0)20 7772 8300,Pamela.McSweeney@oceanmedia.co.uk
2178,Vinetum Ltd.,http://www.oenorama.com/,+30 210 7660 560,stergides@vinetum.gr
2179,Comité des Fêtes - L’Isle-sur-la-Sorgue,http://www.cdf-islesurlasorgue.fr/,+33 (0)6 20 94 03 72,contact@cdf-islesurlasorgue.fr
2180,Professional Beauty Show,http://www.professionalbeauty.co.uk/,+44 (0) 20 7351 0536,info@professionalbeauty.co.uk
2181,Gal-Expo,http://www.galexpo.com.ua/en,+380 (322) 970627,exhib@galexpo.lviv.ua
2182,SMBG,http://www.salon-des-meilleures-formations.com/,+33 (0)1 48 57 97 44,nicolas.duval@smbg.fr
2183,CarraraFiere Srl,http://www.carrarafiere.com/,+39 0585 787963,contact@carrarafiere.com
2184,BGS Group LLC.,http://bgs-group.eu/,+312 0808 7321,info@bgs-group.eu
2185,North Atlantic Seafood Forum AS,http://www.nor-seafood.com/,,jjl@nor-seafood.no
2186,Futurebuild,http://www.futurebuild.co.uk/,+44 (0)20 3011 2541,martin.hurn@futurebuild.co.uk
2187,Messezentrum Salzburg GmbH,http://www.mzs.at/en,+43 (0) 662 24 04 0,office@mzs.at
2188,JEC Group,http://www.jeccomposites.com/,+33 (0)1 58 36 15 00,info@jeccomposites.com
2189,Aude Business Events,http://www.aude-events.com/,+34 93 368 62 88,info@aude-events.com
2190,Kenes International,http://www.kenes.com/,+41 22 501 7421,conventions@kenes.com
2191,O.Ö. Energiesparverband,http://www.oec.at/,+43 732-7720-14380,office@esv.or.at
2192,Accès Presse,http://www.accespresse.fr/,+33 (0)6 06 25 45 01 00,akramel@accespresse.fr
2193,Equipe International Srl,http://equipemilano.com/,+39 02 34538354,esxence@equipemilano.com
2194,Messe Magdeburg,http://www.messe-magdeburg.de/,+49 391 886-0,info@messe-magdeburg.de
2195,HMT Hohenstein Messe-Team GmbH,http://www.babymessen.de/,+49 (0) 70 31 791-113,info@baby-messe.de
2196,SEAE - Salon agricole de Tarbes,http://www.salon-agricole.com/,+33 (0)5 62 34 87 44,infos@salon-agricole.com
2197,MEC Paiania,http://www.mec.gr/,+30 2109700855,info@mec.gr
2198,Pelagic Expo,http://www.boatfishing.gr/,+30 210 9700855,info@boatfishingshow.gr
2199,SEFA Events,http://www.sefa-event.com/,+33 (0)1 79 95 80 60,administratif@sefa-event.com
2200,"SNCAO-GA (Syndicat National du Commerce et de l’Antiquité, de l’Occasion et des Galeries d’Art)",http://www.sncao-syndicat.com/,+33 (0)1 47 70 88 78,contact@sncao-syndicat.com
2201,ARIES - Azienda Speciale Camera di Commercio Trieste,http://www.ariestrieste.it/,+39 040 6701240,info@oliocapitale.it
2202,Lahden Messut Oy,http://www.lahdenmessut.fi/,+358 3 525 820,helpdesk@lahdenmessut.fi
2203,Midexpo - Exhibitions & Fairs,http://www.midexpo.ru/,+7 (495) 737 74 79,olga@midexpo.ru
2204,Artecom,http://www.artecom-communication.com/,+33 (0)6 1994 8355,info@artecom-communication.com
2205,Fira de Girona,http://www.firagirona.com/en,+34 972 41 91 00,fira@grn.es
2206,Stocexpo Ltd.,http://www.stocexpo.com/,+44 20 8687 4160,info@stocexpo.com
2207,Efficient Event,http://www.chrpro-expo.fr/,+33 (0)4 95 51 37 33,info@efficient-event.fr
2208,Paris Bridal Fair,http://www.parisbridalfair.com/,+33 (0)1 49 59 30 46,contact@parisbridalfair.com
2209,ASWS Uitgeverij & Beursorganisatie,http://www.asws.nl/en,+31 (0)172 575 888,asws@asws.nl
2210,Digiflor Business,http://digiflor.fr/,+33 (0)6 24 66 31 11,contact@digiflor.fr
2211,Chlorosphere SAS,http://www.chlorosphere.fr/,+33 (0)6 19 86 34 32,contact@chlorosphere.fr
2212,Emap - Metropolis Group,http://www.emap.com/,+44 (0) 20 8752 8181,info@emap.com
2213,Boro-Info Group,http://www.boroinfo.ro/,+40 266 219 392,info@boroinfo.ro
2214,EUROGIN (European Research Organisation on Genital Infection and Neoplasia),http://www.eurogin.com/,+33 (0)1 44 40 01 20,admin@eurogin.com
2215,Rando Expo,http://www.randonnee-nature.com/,+33 (0)1 46 21 11 10,contact@randonnee-nature.com
2216,PG Organisation,http://www.pgorganisation.fr/,+33 (0)1 73 28 72 02,info@pgorganisation.fr
2217,Notre temps,http://www.notretemps.com/,+33 (0)1 74 31 60 60,
2218,Fishing & Hunting Tematic SRL,http://www.fishingandhuntingexpo.ro/,+40 741 185 690,marketing@fishingandhuntingtv.com
2219,Bauen & Wohnen Bremen mbH,http://bau-messen.de/,+49 421 985629 0,info@bau-messen.de
2220,Prim Expo,http://www.primdesign.com/,+359 (2) 8657265,primexpo@primdesign.com
2221,Centre des Expositions du Mans,http://www.lemans-centrexpos.com/,+33 (0)2 43 72 51 00,cem@lemans-centrexpos.com
2222,Montpellier Events,http://www.montpellier-events.com/,+33 (0)4 67 61 67 61,parcexpo@montpellier-events.com
2223,Phedon Organisation,http://www.senioreva.fr/,+33 (0)3 20 14 56 43,contact@phedon.com
2224,SPRL Brussels Design Market,http://designmarket.be/,+32 (0)4 7598 4038,info@designmarket.be
2225,Eve Genre Organisation,http://www.galeriephocea.com/,+33 (0)4 91 94 52 71,galeriephocea@wanadoo.fr
2226,S.C. Pogaro Blue S.R.L.,http://petexpo.ro/english,,organizator@petexpo.ro
2227,Festival Rue des Livres,http://www.festival-ruedeslivres.org/,+33 (0)2 99 38 28 25,atelier-culturel-maurepas@hotmail.fr
2228,PAP - Particulier à Particulier,http://www.pap.fr/,+33 (0)1 40 56 33 13,salons@pap.fr
2229,Kistamässan,http://www.kistamassan.com/eng,+46 (0)8-506 650 00,info@kistamassan.com
2230,Francisco Martin S.N.C.,http://www.zen-topia.com/,+32 486 799 361,francisco@zen-topia.com
2231,Société du Salon du dessin,http://www.salondudessin.com/en,+33 (0)1 45 22 08 77,info@salondudessin.com
2232,Infopromotions,http://www.groupesolutions.fr/,+33 (0)1 44 39 85 00,info@promotions.fr
2233,Live Promotions Events Ltd,http://www.livepromotions.co.uk/,+44 01775 768661,info@livepromotions.co.uk
2234,Interalia,http://www.interalia.es/,+34 934 16 14 66,ferias@interalia.es
2235,Euroexpo Messe- und Kongress-GmbH,http://www.euroexpo.de/,+49 (0) 89 3 23 91 253,info@euroexpo.de
2236,Ultima Media,http://www.ultimamedia.org/,+44 (0) 20 8987 0902,info@ultimamedia.org
2237,APV GmbH,http://www.apv-mainz.de/english,+49 6131-9769-85,sp@apv-mainz.de
2238,Beverage Trade Network,http://beveragetradenetwork.com/en,+44 (0) 330 097 0138,info@londonwinecompetition.com
2239,Kortrijk Expo,http://www.kortrijkxpo.be/,+32 (0)56 24 11 11,info@kortrijkxpo.be
2240,CPCT Arts & Events,http://www.cpctartsandevents.com/,+33 (0)1 45 38 51 15,info@drawingnowparis.com
2241,WindEurope asbl/vzw,http://windeurope.org/,+32 2 213 1811,info@windeurope.org
2242,Sogecos Spa,http://www.cosmoprof.com/,+39 02 796420,sogecos@cosmoprof.it
2243,International Sports Convention (ISC),http://internationalsportsconvention.com/,+41 216 016 754,info@internationalsportsconvention.com
2244,FF3S (Fédération française de sexologie et de santé sexuelle),http://www.ff3s.fr/,,assises-sexologie@overcome.fr
2245,SFSC (Société française de sexologie clinique),http://www.sfsc.fr/,+33 (0)1 45 72 67 62,
2246,Xpo Organisations Ltd.,http://www.architectatwork.eu/,+44 (0)207 125 05 83,unitedkingdom@architectatwork.eu
2247,EMTG,http://expomtg.com/eng,+7 495 249 11 09 |,info@expomtg.com
2248,QUiCKFairs,http://quickfairs.net/,+39 02 36 59 29 90,info@quickfairs.net
2249,MosShoes,http://en.mosshoes.com/,+7 (495) 781 3411,mosshoes@mosshoes.com
2250,Rambouillet Evénements,http://www.salondelachasse.com/,+33 (0)1 34 78 22 22,info@salondelachasse.com
2251,Easyfairs - Antwerp,http://www.easyfairs.com/,+32 (0)3 280 53 00,antwerp@easyfairs.com
2252,JPC Events,http://www.jpcevents.fr/,+33 (0)9 83 90 16 15,contact@jpcevents.com
2253,CIFL (Comité interprofessionel des fournisseurs du laboratoire),http://www.cifl.com/,+33 (0)1 44 18 98 62,infos@cifl.com
2254,DATE Conference Secretariat,http://www.date-conference.com/,+44 (0)131 225 2892,
2255,CCI de la Drôme,http://www.drome.cci.fr/,+33 (0)4 75 75 70 11,accueil@drome.cci.fr
2256,Parc Expo de Rennes,http://www.rennesparcexpo.fr/,+33 (0)2 99 52 68 42,infos@parc-expo.com
2257,CEBioForum,http://cebioforum.com/,,zwiazek@bioforum.pl
2258,EuropaBio,http://www.europabio.org/,,c.skentelbery@europabio.org
2259,Sasu Vapexpo,http://vapexpo-france.com/,+33 (0)5 56 36 11 64,contact@vapexpo-france.com
2260,Mir-Expo Exhibition Company,http://www.mirexpo.ru/eng,+7 (499) 618-05-65,info@mirexpo.ru
2261,Business Forum LLC,http://www.b-forum.com/en,+380 (056)2 313919,marketing@metalcourier.com
2262,Webs (World Event Business Solutions),http://www.webs-event.com/,+33 (0)1 39 14 48 15,contact@webs-event.com
2263,IK COM,http://www.linkedin.com/company/ik-com69,,
2264,i-one,http://www.i-one.be/,+32 (0)2 790 27 47,administration@i-one.be
2265,Traxio,http://www.traxio.be/fr,+32 (0)2 778 62 00,mail@traxio.be
2266,Premier Publishing Ltd,http://www.prempub.com/,+353 1 6120880,colin@prempub.com
2267,Messe Frankfurt Istanbul,http://tr.messefrankfurt.com/turkey/en.html,+90 216 384 50 50,info@turkey.messefrankfurt.com
2268,RAAPA (Russian Association of Amusement Parks and Attractions),http://www.raapa.ru/en/main,+7 (495) 234 5015,raapa@raapa.ru
2269,"M.I.P. Group, a.s.",http://www.mip.cz/,+420 267 315 585-8,mip@mip.cz
2270,Concours Lépine,http://www.concours-lepine.com/,+33 (0)1 40 02 04 50,crslepine@concours-lepine.com
2271,Comet (Comité d'organisation des manifestations économiques et touristiques),http://www.rouen-expo.com/,+33 (0)2 35 18 28 28,comet@rouen-expo.com
2272,LATIA (Lithuanian Apparel and Textile Industry Association),http://www.latia.lt/en,+370 5 279 0131,latia@latia.lt
2273,Expo Georgia,http://www.expogeorgia.ge/,+995 32 2341100,expo@expogeorgia.ge
2274,PV Manufacturing,http://www.pvmanufacturing.fr/,+33 (0)1 70 60 73 70,visitor@pvmanufacturing.fr
2275,La Cité du Design,http://www.citedudesign.com/,+33 (0)4 77 47 88 00,info@citedudesign.com
2276,Red Group,http://eng.biomos.ru/,,info@biomos.ru
2277,IEC (International Exhibition Centre),http://www.iec-expo.com.ua/en,+380 44 201 11 61,reklama@iec-expo.com.ua
2278,World Events,http://www.salonulnauticbucuresti.ro/,+40 429 24 74,office@salonulnauticbucuresti.ro
2279,LMT Company,http://www.lmt.kiev.ua/,+380 66 800-83-64,expo@lmt.kiev.ua
2280,Les Chevaliers du XXè Siècle,http://www.chevaliers-dunkerque.fr/,+33 (0)3 28 60 29 33,community.manager@chevaliers-dunkerque.fr
2281,Domaine de Chaumont-sur-Loire,http://www.domaine-chaumont.fr/en,+33 (0)2 54 20 99 22,
2282,Foire du Dauphiné - Romans,http://www.foire-dauphine.com/,+33 (0)4 75 02 00,romans@foire-dauphine.com
2283,Exhibition Center 'Odessa Home',http://www.expohome.com.ua/en,+380 (48) 728-64-94,expo@expohome.com.ua
2284,Abyssium,http://www.parismanga.fr/,+33 (0)1 47 35 37 88,contact@parismanga.fr
2285,Innovalia,http://www.innovalia.org/,+34 944 795 190,info@innovalia.org
2286,SNE (Syndicat national de l'édition),http://www.sne.fr/sne-international,+33 (0)1 44 41 40 50,
2287,Ente Autonomo Fiere di Foggia,http://www.fierafoggia.it/,+39 0881.632511,info@fieradifoggia.it
2288,ACOS (Associação de Criadores de Ovinos do Sul),http://www.acos.pt/,+351 284 310350,acos@mail.telepac.pt
2289,Maison du livre de Bécherel,http://maisondulivredebecherel.fr/,+33 (0)2 99 66 65 65,maisondulivre@rennesmetropole.fr
2290,Mek Promotion,http://www.mondomotorishow.it/,+39 338 9542958,info@mondomotorishow.it
2291,Rotary-Club Le Vésinet,http://www.rotary-vesinet.org/,+33 (0)6 07 51 43 51,info@rotary-vesinet.org
2292,Association Montolieu Village du Livre et des Arts,http://www.montolieu-livre.fr/,+33 (0)4 68 24 80 04,larosedesvents@laposte.net
2293,Smile-Expo,http://www.smileexpo.ru/en,+7 (495) 212 11 28,client@smile-expo.com
2294,BIRP,http://www.groupesolutions.fr/,+33 (0)1 44 39 85 00,f.mantes@infoexpo.fr
2295,Cherche Midi Expo,http://www.cloudcomputing-world.com/,+33 (0)1 44 78 99 36,info@cloudcomputing-world.com
2296,Federlegno Arredo Eventi spa,http://www.salonemilano.it/en,+39 02 725941,info@salonemilano.it
2297,SEM Nordev,http://www.nordev.re/,+262 262 48 78 78,nordev@nordev.re
2298,Expotim,http://expotim.com/English,+90 212 356 00 56,info@expotim.com
2299,Una Volta,http://www.una-volta.org/,+33 (0)4 95 32 12 81,centreculturel@una-volta.org
2300,Foire du Livre asbl,http://flb.be/,+32 (0)2 290 44 31,info@flb.be
2301,Art Paris,http://www.artparis.fr/en,,jlecetre@artparis.com
2302,PAD Paris SAS,http://www.pad-fairs.com/,+33 (0)1 53 30 85 20,paris@padesignart.com
2303,I Castelli Animati,http://www.castellianimati.it/,+39 06 93955108,castellianimati@castellianimati.it
2304,MEDExpo S.A.,http://www.medwood.gr/en,+30 210 2931011,info@medwood.gr
2305,Conference Service S.r.l.,http://www.conferenceservice.net/,+39 051 4298311,conference@conferenceservice.net
2306,Voli Fuar Hizmetleri A.S.,http://voli.com.tr/,+90 212 604 50 50,info@voli.com.tr
2307,European Society of Cardiology,http://www.escardio.org/,+33 (0)4 92 94 76 00,congress@escardio.org
2308,EAN (European Academy of Neurology),http://www.eaneurology.org/,+43 1 889 05 03,headoffice@eaneurology.org
2309,Rhenaphotonics Alsace,http://www.rhenaphotonics.fr/,+33 (0)3 90 24 46 38 / 39,vparasote@rhenaphotonics.fr
2310,La mostra d'Igualada,http://www.lamostraigualada.cat/,+34 93 806 69 45,info@lamostraigualada.cat
2311,"Qilinn, Sarl",http://www.mix-energy.com/en,,Contact@qilinn.fr
2312,art.fair International GmbH,http://www.art-dus.de/,,contact@art-dus.de
2313,Forst live GmbH,http://www.forst-live.de/,+49 (0) 5052-8522,info@forst-live.de
2314,Messe Bremen,http://www.messe-bremen.de/index_e.php,+49 (0)421 3505- 2 30,info@messe-bremen.de
2315,Association ACAAFVA,http://www.salon-antiquaires-antibes.com/,+33 (0)4 9334 6565,barale.sandrine@wanadoo.fr
2316,NetWork-Ose GmbH,http://www.networkgmbh.de/,+49 50 33 7057,info@networkgmbh.de
2317,RPI  (Régie Publicité Industrielle),http://www.hydroexpo.fr/en,+33 (0)1 60 94 22 24,manon@rpi.fr
2318,Congress & Event Organization,http://ceokos.com/?lang=en,+381 38 220 003,info@ceokos.com
2319,Full Moon Communications Ltd,http://www.naturalproducts.co.uk/,+44 (0)1903 817300,info@naturalproducts.co.uk
2320,MTA (Manufacturing Technologies Association),http://www.mta.org.uk/,+44 (0)20 7298 6400,info@mta.org.uk
2321,Messe Dresden,http://www.messe-dresden.de/,+49 (0) 351 4458 0,info@messe-dresden.de
2322,DFA Media Limited,http://www.dfamedia.co.uk/,+44 (0) 1732 370340,info@dfamedia.co.uk
2323,Vittorio Pavesio Productions,http://www.torinocomics.com/,+39 011.43.33.504,info@torinocomics.com
2324,Velokonzept GmbH,http://www.velokonzept.de/,+49 (0)30 311 65 140,messen@velokonzept.de
2325,Invest in Africa,http://investinginafrica.eu/,+31 616 950 384,info@investinginafrica.eu
2326,Messe Congress Graz,http://www.messe-graz.at/en,+43 316 8088 - 0,office@mcg.at
2327,WEG (World Expo Group),http://www.weg.ru/en,+7 (495) 540-5557 / 4747,ivr@weg.ru
2328,YEM Exhibitions / YEM Fuarcilik A.S.,http://www.yapifuari.com.tr/eng,+90 212 266 7010,info@turkeybuild.com.tr
2329,Hyve Turkey,http://turkey.hyve.group/Home,+90 212 291 83 10,info@ite-turkey.com
2330,ITH,http://www.coffeetea.ru/,+7 (495) 935 87 06,info@coffeetea.ru
2331,Setcor Media FZ-LLC,http://www.setcor.org/,,info@setcor.org
2332,QuiltFair,http://www.quiltmania.com/,+33 (0)2 40 86 86 86,organisation@paf-nantes.com
2333,Moda Barcelona,http://www.moda-barcelona.com/,+34 93 209 36 39,info@barcelonabridalweek.com
2334,SIAMS SA,http://www.siams.ch/,+41 32 492 70 10,info@siams.ch
2335,Fraunhofer ENAS - Institut für Elektronische Nanosysteme,http://www.enas.fraunhofer.de/en.html,+49 371 45001-0,SSI@enas.fraunhofer.de
2336,OSTIM Defence & Aviation Cluster Association,http://clustercollaboration.eu/content/ostim-defense-and-aviation-cluster,+90 312 385 50 90,info@ostimsavunma.org
2337,Sudtraditions,http://sudtraditions.fr/,+33 (0)6 14 48 19 52,sudtraditions@gmail.com
2338,GNTB (German National Tourist Board),http://www.germany.travel/en,+49 (0)69 974640,info@germany.travel
2339,Office de Tourisme de Berck,http://www.berck-tourisme.com/uk,+33 (0)3 21 09 50 00,tourisme@berck-sur-mer.com
2340,WM SE,http://www.wm.de/,+49 0541 9989 - 0,info@wm.de
2341,Austrian Antique-and Art Dealers,http://www.kunstkauf.at/,+43 664 135 30 50,wikam@kunstkauf.at
2342,Mâcon  Événements,http://www.macon-evenements.com/,+33 (0)3 85 32 32 62,contact@macon-evenements.com
2343,SMMT (Society of Motor Manufacturers and Traders),http://www.smmt.co.uk/,+44 (0)20 7235 7000,smmt@smmt.co.uk
